time,average_ESI,vessel_category
1981-01-01T00:00:00Z,1.863,vess_rev_5k
1982-01-01T00:00:00Z,1.86,vess_rev_5k
1983-01-01T00:00:00Z,1.838,vess_rev_5k
1984-01-01T00:00:00Z,1.943,vess_rev_5k
1985-01-01T00:00:00Z,1.819,vess_rev_5k
1986-01-01T00:00:00Z,1.793,vess_rev_5k
1987-01-01T00:00:00Z,1.831,vess_rev_5k
1988-01-01T00:00:00Z,1.936,vess_rev_5k
1989-01-01T00:00:00Z,1.723,vess_rev_5k
1990-01-01T00:00:00Z,1.847,vess_rev_5k
1991-01-01T00:00:00Z,1.879,vess_rev_5k
1992-01-01T00:00:00Z,1.872,vess_rev_5k
1993-01-01T00:00:00Z,1.888,vess_rev_5k
1994-01-01T00:00:00Z,1.904,vess_rev_5k
1995-01-01T00:00:00Z,1.846,vess_rev_5k
1996-01-01T00:00:00Z,1.752,vess_rev_5k
1997-01-01T00:00:00Z,1.806,vess_rev_5k
1998-01-01T00:00:00Z,1.823,vess_rev_5k
1999-01-01T00:00:00Z,1.722,vess_rev_5k
2000-01-01T00:00:00Z,1.789,vess_rev_5k
2001-01-01T00:00:00Z,1.819,vess_rev_5k
2002-01-01T00:00:00Z,1.765,vess_rev_5k
2003-01-01T00:00:00Z,1.72,vess_rev_5k
2004-01-01T00:00:00Z,1.744,vess_rev_5k
2005-01-01T00:00:00Z,1.735,vess_rev_5k
2006-01-01T00:00:00Z,1.762,vess_rev_5k
2007-01-01T00:00:00Z,1.726,vess_rev_5k
2008-01-01T00:00:00Z,1.767,vess_rev_5k
2009-01-01T00:00:00Z,1.757,vess_rev_5k
2010-01-01T00:00:00Z,1.794,vess_rev_5k
2011-01-01T00:00:00Z,1.741,vess_rev_5k
2012-01-01T00:00:00Z,1.742,vess_rev_5k
2013-01-01T00:00:00Z,1.722,vess_rev_5k
2014-01-01T00:00:00Z,1.709,vess_rev_5k
2015-01-01T00:00:00Z,1.724,vess_rev_5k
2016-01-01T00:00:00Z,1.723,vess_rev_5k
2017-01-01T00:00:00Z,1.753,vess_rev_5k
2018-01-01T00:00:00Z,1.773,vess_rev_5k
1981-01-01T00:00:00Z,1.5,vess_rev_5_25k
1982-01-01T00:00:00Z,1.52,vess_rev_5_25k
1983-01-01T00:00:00Z,1.63,vess_rev_5_25k
1984-01-01T00:00:00Z,1.52,vess_rev_5_25k
1985-01-01T00:00:00Z,1.41,vess_rev_5_25k
1986-01-01T00:00:00Z,1.35,vess_rev_5_25k
1987-01-01T00:00:00Z,1.43,vess_rev_5_25k
1988-01-01T00:00:00Z,1.44,vess_rev_5_25k
1989-01-01T00:00:00Z,1.44,vess_rev_5_25k
1990-01-01T00:00:00Z,1.4,vess_rev_5_25k
1991-01-01T00:00:00Z,1.39,vess_rev_5_25k
1992-01-01T00:00:00Z,1.44,vess_rev_5_25k
1993-01-01T00:00:00Z,1.39,vess_rev_5_25k
1994-01-01T00:00:00Z,1.4,vess_rev_5_25k
1995-01-01T00:00:00Z,1.41,vess_rev_5_25k
1996-01-01T00:00:00Z,1.36,vess_rev_5_25k
1997-01-01T00:00:00Z,1.42,vess_rev_5_25k
1998-01-01T00:00:00Z,1.39,vess_rev_5_25k
1999-01-01T00:00:00Z,1.36,vess_rev_5_25k
2000-01-01T00:00:00Z,1.37,vess_rev_5_25k
2001-01-01T00:00:00Z,1.39,vess_rev_5_25k
2002-01-01T00:00:00Z,1.34,vess_rev_5_25k
2003-01-01T00:00:00Z,1.34,vess_rev_5_25k
2004-01-01T00:00:00Z,1.36,vess_rev_5_25k
2005-01-01T00:00:00Z,1.36,vess_rev_5_25k
2006-01-01T00:00:00Z,1.38,vess_rev_5_25k
2007-01-01T00:00:00Z,1.39,vess_rev_5_25k
2008-01-01T00:00:00Z,1.37,vess_rev_5_25k
2009-01-01T00:00:00Z,1.35,vess_rev_5_25k
2010-01-01T00:00:00Z,1.36,vess_rev_5_25k
2011-01-01T00:00:00Z,1.39,vess_rev_5_25k
2012-01-01T00:00:00Z,1.39,vess_rev_5_25k
2013-01-01T00:00:00Z,1.35,vess_rev_5_25k
2014-01-01T00:00:00Z,1.37,vess_rev_5_25k
2015-01-01T00:00:00Z,1.43,vess_rev_5_25k
2016-01-01T00:00:00Z,1.4,vess_rev_5_25k
2017-01-01T00:00:00Z,1.41,vess_rev_5_25k
2018-01-01T00:00:00Z,1.41,vess_rev_5_25k
1981-01-01T00:00:00Z,2.04,vess_rev_25-100k
1982-01-01T00:00:00Z,1.99,vess_rev_25-100k
1983-01-01T00:00:00Z,1.95,vess_rev_25-100k
1984-01-01T00:00:00Z,2.12,vess_rev_25-100k
1985-01-01T00:00:00Z,1.96,vess_rev_25-100k
1986-01-01T00:00:00Z,1.91,vess_rev_25-100k
1987-01-01T00:00:00Z,1.87,vess_rev_25-100k
1988-01-01T00:00:00Z,2.03,vess_rev_25-100k
1989-01-01T00:00:00Z,1.81,vess_rev_25-100k
1990-01-01T00:00:00Z,1.91,vess_rev_25-100k
1991-01-01T00:00:00Z,1.9,vess_rev_25-100k
1992-01-01T00:00:00Z,1.8,vess_rev_25-100k
1993-01-01T00:00:00Z,1.85,vess_rev_25-100k
1994-01-01T00:00:00Z,1.86,vess_rev_25-100k
1995-01-01T00:00:00Z,1.83,vess_rev_25-100k
1996-01-01T00:00:00Z,1.65,vess_rev_25-100k
1997-01-01T00:00:00Z,1.69,vess_rev_25-100k
1998-01-01T00:00:00Z,1.75,vess_rev_25-100k
1999-01-01T00:00:00Z,1.62,vess_rev_25-100k
2000-01-01T00:00:00Z,1.71,vess_rev_25-100k
2001-01-01T00:00:00Z,1.71,vess_rev_25-100k
2002-01-01T00:00:00Z,1.7,vess_rev_25-100k
2003-01-01T00:00:00Z,1.62,vess_rev_25-100k
2004-01-01T00:00:00Z,1.65,vess_rev_25-100k
2005-01-01T00:00:00Z,1.68,vess_rev_25-100k
2006-01-01T00:00:00Z,1.69,vess_rev_25-100k
2007-01-01T00:00:00Z,1.62,vess_rev_25-100k
2008-01-01T00:00:00Z,1.68,vess_rev_25-100k
2009-01-01T00:00:00Z,1.65,vess_rev_25-100k
2010-01-01T00:00:00Z,1.73,vess_rev_25-100k
2011-01-01T00:00:00Z,1.65,vess_rev_25-100k
2012-01-01T00:00:00Z,1.65,vess_rev_25-100k
2013-01-01T00:00:00Z,1.67,vess_rev_25-100k
2014-01-01T00:00:00Z,1.6,vess_rev_25-100k
2015-01-01T00:00:00Z,1.62,vess_rev_25-100k
2016-01-01T00:00:00Z,1.63,vess_rev_25-100k
2017-01-01T00:00:00Z,1.67,vess_rev_25-100k
2018-01-01T00:00:00Z,1.71,vess_rev_25-100k
1981-01-01T00:00:00Z,2.14,vess_rev_100k
1982-01-01T00:00:00Z,2.25,vess_rev_100k
1983-01-01T00:00:00Z,2.02,vess_rev_100k
1984-01-01T00:00:00Z,2.24,vess_rev_100k
1985-01-01T00:00:00Z,2.21,vess_rev_100k
1986-01-01T00:00:00Z,2.29,vess_rev_100k
1987-01-01T00:00:00Z,2.4,vess_rev_100k
1988-01-01T00:00:00Z,2.55,vess_rev_100k
1989-01-01T00:00:00Z,2.01,vess_rev_100k
1990-01-01T00:00:00Z,2.35,vess_rev_100k
1991-01-01T00:00:00Z,2.45,vess_rev_100k
1992-01-01T00:00:00Z,2.45,vess_rev_100k
1993-01-01T00:00:00Z,2.49,vess_rev_100k
1994-01-01T00:00:00Z,2.47,vess_rev_100k
1995-01-01T00:00:00Z,2.3,vess_rev_100k
1996-01-01T00:00:00Z,2.26,vess_rev_100k
1997-01-01T00:00:00Z,2.31,vess_rev_100k
1998-01-01T00:00:00Z,2.24,vess_rev_100k
1999-01-01T00:00:00Z,2.12,vess_rev_100k
2000-01-01T00:00:00Z,2.19,vess_rev_100k
2001-01-01T00:00:00Z,2.26,vess_rev_100k
2002-01-01T00:00:00Z,2.15,vess_rev_100k
2003-01-01T00:00:00Z,2.11,vess_rev_100k
2004-01-01T00:00:00Z,2.14,vess_rev_100k
2005-01-01T00:00:00Z,2.07,vess_rev_100k
2006-01-01T00:00:00Z,2.1,vess_rev_100k
2007-01-01T00:00:00Z,2.09,vess_rev_100k
2008-01-01T00:00:00Z,2.11,vess_rev_100k
2009-01-01T00:00:00Z,2.12,vess_rev_100k
2010-01-01T00:00:00Z,2.12,vess_rev_100k
2011-01-01T00:00:00Z,2.07,vess_rev_100k
2012-01-01T00:00:00Z,2.07,vess_rev_100k
2013-01-01T00:00:00Z,1.99,vess_rev_100k
2014-01-01T00:00:00Z,2.04,vess_rev_100k
2015-01-01T00:00:00Z,2.0,vess_rev_100k
2016-01-01T00:00:00Z,2.0,vess_rev_100k
2017-01-01T00:00:00Z,2.0,vess_rev_100k
2018-01-01T00:00:00Z,2.0,vess_rev_100k
1981-01-01T00:00:00Z,1.54,vess_rev_5k_len_41
1982-01-01T00:00:00Z,1.53,vess_rev_5k_len_41
1983-01-01T00:00:00Z,1.57,vess_rev_5k_len_41
1984-01-01T00:00:00Z,1.68,vess_rev_5k_len_41
1985-01-01T00:00:00Z,1.53,vess_rev_5k_len_41
1986-01-01T00:00:00Z,1.49,vess_rev_5k_len_41
1987-01-01T00:00:00Z,1.51,vess_rev_5k_len_41
1988-01-01T00:00:00Z,1.6,vess_rev_5k_len_41
1989-01-01T00:00:00Z,1.47,vess_rev_5k_len_41
1990-01-01T00:00:00Z,1.54,vess_rev_5k_len_41
1991-01-01T00:00:00Z,1.53,vess_rev_5k_len_41
1992-01-01T00:00:00Z,1.52,vess_rev_5k_len_41
1993-01-01T00:00:00Z,1.53,vess_rev_5k_len_41
1994-01-01T00:00:00Z,1.57,vess_rev_5k_len_41
1995-01-01T00:00:00Z,1.56,vess_rev_5k_len_41
1996-01-01T00:00:00Z,1.46,vess_rev_5k_len_41
1997-01-01T00:00:00Z,1.51,vess_rev_5k_len_41
1998-01-01T00:00:00Z,1.55,vess_rev_5k_len_41
1999-01-01T00:00:00Z,1.46,vess_rev_5k_len_41
2000-01-01T00:00:00Z,1.51,vess_rev_5k_len_41
2001-01-01T00:00:00Z,1.53,vess_rev_5k_len_41
2002-01-01T00:00:00Z,1.51,vess_rev_5k_len_41
2003-01-01T00:00:00Z,1.46,vess_rev_5k_len_41
2004-01-01T00:00:00Z,1.49,vess_rev_5k_len_41
2005-01-01T00:00:00Z,1.51,vess_rev_5k_len_41
2006-01-01T00:00:00Z,1.52,vess_rev_5k_len_41
2007-01-01T00:00:00Z,1.48,vess_rev_5k_len_41
2008-01-01T00:00:00Z,1.54,vess_rev_5k_len_41
2009-01-01T00:00:00Z,1.52,vess_rev_5k_len_41
2010-01-01T00:00:00Z,1.57,vess_rev_5k_len_41
2011-01-01T00:00:00Z,1.51,vess_rev_5k_len_41
2012-01-01T00:00:00Z,1.51,vess_rev_5k_len_41
2013-01-01T00:00:00Z,1.53,vess_rev_5k_len_41
2014-01-01T00:00:00Z,1.49,vess_rev_5k_len_41
2015-01-01T00:00:00Z,1.51,vess_rev_5k_len_41
2016-01-01T00:00:00Z,1.52,vess_rev_5k_len_41
2017-01-01T00:00:00Z,1.56,vess_rev_5k_len_41
2018-01-01T00:00:00Z,1.58,vess_rev_5k_len_41
1981-01-01T00:00:00Z,2.01,vess_rev_5k_len_41-80
1982-01-01T00:00:00Z,2.04,vess_rev_5k_len_41-80
1983-01-01T00:00:00Z,1.95,vess_rev_5k_len_41-80
1984-01-01T00:00:00Z,2.12,vess_rev_5k_len_41-80
1985-01-01T00:00:00Z,2.09,vess_rev_5k_len_41-80
1986-01-01T00:00:00Z,2.16,vess_rev_5k_len_41-80
1987-01-01T00:00:00Z,2.33,vess_rev_5k_len_41-80
1988-01-01T00:00:00Z,2.45,vess_rev_5k_len_41-80
1989-01-01T00:00:00Z,2.03,vess_rev_5k_len_41-80
1990-01-01T00:00:00Z,2.29,vess_rev_5k_len_41-80
1991-01-01T00:00:00Z,2.42,vess_rev_5k_len_41-80
1992-01-01T00:00:00Z,2.45,vess_rev_5k_len_41-80
1993-01-01T00:00:00Z,2.52,vess_rev_5k_len_41-80
1994-01-01T00:00:00Z,2.53,vess_rev_5k_len_41-80
1995-01-01T00:00:00Z,2.34,vess_rev_5k_len_41-80
1996-01-01T00:00:00Z,2.22,vess_rev_5k_len_41-80
1997-01-01T00:00:00Z,2.37,vess_rev_5k_len_41-80
1998-01-01T00:00:00Z,2.29,vess_rev_5k_len_41-80
1999-01-01T00:00:00Z,2.19,vess_rev_5k_len_41-80
2000-01-01T00:00:00Z,2.25,vess_rev_5k_len_41-80
2001-01-01T00:00:00Z,2.35,vess_rev_5k_len_41-80
2002-01-01T00:00:00Z,2.17,vess_rev_5k_len_41-80
2003-01-01T00:00:00Z,2.1,vess_rev_5k_len_41-80
2004-01-01T00:00:00Z,2.17,vess_rev_5k_len_41-80
2005-01-01T00:00:00Z,2.14,vess_rev_5k_len_41-80
2006-01-01T00:00:00Z,2.18,vess_rev_5k_len_41-80
2007-01-01T00:00:00Z,2.17,vess_rev_5k_len_41-80
2008-01-01T00:00:00Z,2.16,vess_rev_5k_len_41-80
2009-01-01T00:00:00Z,2.19,vess_rev_5k_len_41-80
2010-01-01T00:00:00Z,2.18,vess_rev_5k_len_41-80
2011-01-01T00:00:00Z,2.16,vess_rev_5k_len_41-80
2012-01-01T00:00:00Z,2.18,vess_rev_5k_len_41-80
2013-01-01T00:00:00Z,2.06,vess_rev_5k_len_41-80
2014-01-01T00:00:00Z,2.15,vess_rev_5k_len_41-80
2015-01-01T00:00:00Z,2.14,vess_rev_5k_len_41-80
2016-01-01T00:00:00Z,2.1,vess_rev_5k_len_41-80
2017-01-01T00:00:00Z,2.09,vess_rev_5k_len_41-80
2018-01-01T00:00:00Z,2.1,vess_rev_5k_len_41-80
1981-01-01T00:00:00Z,1.99,vess_rev_5k_len_81-125
1982-01-01T00:00:00Z,2.01,vess_rev_5k_len_81-125
1983-01-01T00:00:00Z,1.83,vess_rev_5k_len_81-125
1984-01-01T00:00:00Z,1.86,vess_rev_5k_len_81-125
1985-01-01T00:00:00Z,2.07,vess_rev_5k_len_81-125
1986-01-01T00:00:00Z,2.16,vess_rev_5k_len_81-125
1987-01-01T00:00:00Z,2.12,vess_rev_5k_len_81-125
1988-01-01T00:00:00Z,2.24,vess_rev_5k_len_81-125
1989-01-01T00:00:00Z,2.21,vess_rev_5k_len_81-125
1990-01-01T00:00:00Z,2.48,vess_rev_5k_len_81-125
1991-01-01T00:00:00Z,2.58,vess_rev_5k_len_81-125
1992-01-01T00:00:00Z,2.71,vess_rev_5k_len_81-125
1993-01-01T00:00:00Z,2.72,vess_rev_5k_len_81-125
1994-01-01T00:00:00Z,2.43,vess_rev_5k_len_81-125
1995-01-01T00:00:00Z,2.37,vess_rev_5k_len_81-125
1996-01-01T00:00:00Z,2.8,vess_rev_5k_len_81-125
1997-01-01T00:00:00Z,2.58,vess_rev_5k_len_81-125
1998-01-01T00:00:00Z,2.35,vess_rev_5k_len_81-125
1999-01-01T00:00:00Z,2.28,vess_rev_5k_len_81-125
2000-01-01T00:00:00Z,2.49,vess_rev_5k_len_81-125
2001-01-01T00:00:00Z,2.34,vess_rev_5k_len_81-125
2002-01-01T00:00:00Z,2.35,vess_rev_5k_len_81-125
2003-01-01T00:00:00Z,2.47,vess_rev_5k_len_81-125
2004-01-01T00:00:00Z,2.45,vess_rev_5k_len_81-125
2005-01-01T00:00:00Z,2.15,vess_rev_5k_len_81-125
2006-01-01T00:00:00Z,2.34,vess_rev_5k_len_81-125
2007-01-01T00:00:00Z,2.35,vess_rev_5k_len_81-125
2008-01-01T00:00:00Z,2.31,vess_rev_5k_len_81-125
2009-01-01T00:00:00Z,2.3,vess_rev_5k_len_81-125
2010-01-01T00:00:00Z,2.36,vess_rev_5k_len_81-125
2011-01-01T00:00:00Z,2.26,vess_rev_5k_len_81-125
2012-01-01T00:00:00Z,2.19,vess_rev_5k_len_81-125
2013-01-01T00:00:00Z,2.04,vess_rev_5k_len_81-125
2014-01-01T00:00:00Z,2.16,vess_rev_5k_len_81-125
2015-01-01T00:00:00Z,2.12,vess_rev_5k_len_81-125
2016-01-01T00:00:00Z,2.19,vess_rev_5k_len_81-125
2017-01-01T00:00:00Z,2.14,vess_rev_5k_len_81-125
2018-01-01T00:00:00Z,2.19,vess_rev_5k_len_81-125
1981-01-01T00:00:00Z,1.88,vess_2018_WA_rev_5k
1982-01-01T00:00:00Z,1.92,vess_2018_WA_rev_5k
1983-01-01T00:00:00Z,1.82,vess_2018_WA_rev_5k
1984-01-01T00:00:00Z,2.03,vess_2018_WA_rev_5k
1985-01-01T00:00:00Z,2.03,vess_2018_WA_rev_5k
1986-01-01T00:00:00Z,2.09,vess_2018_WA_rev_5k
1987-01-01T00:00:00Z,2.26,vess_2018_WA_rev_5k
1988-01-01T00:00:00Z,2.2,vess_2018_WA_rev_5k
1989-01-01T00:00:00Z,1.86,vess_2018_WA_rev_5k
1990-01-01T00:00:00Z,2.05,vess_2018_WA_rev_5k
1991-01-01T00:00:00Z,2.14,vess_2018_WA_rev_5k
1992-01-01T00:00:00Z,2.24,vess_2018_WA_rev_5k
1993-01-01T00:00:00Z,2.21,vess_2018_WA_rev_5k
1994-01-01T00:00:00Z,2.26,vess_2018_WA_rev_5k
1995-01-01T00:00:00Z,2.07,vess_2018_WA_rev_5k
1996-01-01T00:00:00Z,2.02,vess_2018_WA_rev_5k
1997-01-01T00:00:00Z,2.12,vess_2018_WA_rev_5k
1998-01-01T00:00:00Z,2.14,vess_2018_WA_rev_5k
1999-01-01T00:00:00Z,2.0,vess_2018_WA_rev_5k
2000-01-01T00:00:00Z,1.99,vess_2018_WA_rev_5k
2001-01-01T00:00:00Z,2.03,vess_2018_WA_rev_5k
2002-01-01T00:00:00Z,1.9,vess_2018_WA_rev_5k
2003-01-01T00:00:00Z,1.85,vess_2018_WA_rev_5k
2004-01-01T00:00:00Z,1.93,vess_2018_WA_rev_5k
2005-01-01T00:00:00Z,1.88,vess_2018_WA_rev_5k
2006-01-01T00:00:00Z,1.88,vess_2018_WA_rev_5k
2007-01-01T00:00:00Z,1.9,vess_2018_WA_rev_5k
2008-01-01T00:00:00Z,1.81,vess_2018_WA_rev_5k
2009-01-01T00:00:00Z,1.88,vess_2018_WA_rev_5k
2010-01-01T00:00:00Z,1.83,vess_2018_WA_rev_5k
2011-01-01T00:00:00Z,1.76,vess_2018_WA_rev_5k
2012-01-01T00:00:00Z,1.78,vess_2018_WA_rev_5k
2013-01-01T00:00:00Z,1.69,vess_2018_WA_rev_5k
2014-01-01T00:00:00Z,1.76,vess_2018_WA_rev_5k
2015-01-01T00:00:00Z,1.74,vess_2018_WA_rev_5k
2016-01-01T00:00:00Z,1.71,vess_2018_WA_rev_5k
2017-01-01T00:00:00Z,1.67,vess_2018_WA_rev_5k
2018-01-01T00:00:00Z,1.63,vess_2018_WA_rev_5k
1981-01-01T00:00:00Z,1.84,vess_2018_OR_rev_5k
1982-01-01T00:00:00Z,1.77,vess_2018_OR_rev_5k
1983-01-01T00:00:00Z,1.8,vess_2018_OR_rev_5k
1984-01-01T00:00:00Z,1.87,vess_2018_OR_rev_5k
1985-01-01T00:00:00Z,1.8,vess_2018_OR_rev_5k
1986-01-01T00:00:00Z,1.87,vess_2018_OR_rev_5k
1987-01-01T00:00:00Z,1.98,vess_2018_OR_rev_5k
1988-01-01T00:00:00Z,1.91,vess_2018_OR_rev_5k
1989-01-01T00:00:00Z,1.8,vess_2018_OR_rev_5k
1990-01-01T00:00:00Z,1.87,vess_2018_OR_rev_5k
1991-01-01T00:00:00Z,1.97,vess_2018_OR_rev_5k
1992-01-01T00:00:00Z,2.09,vess_2018_OR_rev_5k
1993-01-01T00:00:00Z,2.12,vess_2018_OR_rev_5k
1994-01-01T00:00:00Z,2.05,vess_2018_OR_rev_5k
1995-01-01T00:00:00Z,1.98,vess_2018_OR_rev_5k
1996-01-01T00:00:00Z,2.05,vess_2018_OR_rev_5k
1997-01-01T00:00:00Z,2.14,vess_2018_OR_rev_5k
1998-01-01T00:00:00Z,2.07,vess_2018_OR_rev_5k
1999-01-01T00:00:00Z,2.0,vess_2018_OR_rev_5k
2000-01-01T00:00:00Z,1.97,vess_2018_OR_rev_5k
2001-01-01T00:00:00Z,1.99,vess_2018_OR_rev_5k
2002-01-01T00:00:00Z,1.94,vess_2018_OR_rev_5k
2003-01-01T00:00:00Z,1.95,vess_2018_OR_rev_5k
2004-01-01T00:00:00Z,1.91,vess_2018_OR_rev_5k
2005-01-01T00:00:00Z,1.91,vess_2018_OR_rev_5k
2006-01-01T00:00:00Z,1.86,vess_2018_OR_rev_5k
2007-01-01T00:00:00Z,1.92,vess_2018_OR_rev_5k
2008-01-01T00:00:00Z,1.84,vess_2018_OR_rev_5k
2009-01-01T00:00:00Z,1.85,vess_2018_OR_rev_5k
2010-01-01T00:00:00Z,1.83,vess_2018_OR_rev_5k
2011-01-01T00:00:00Z,1.82,vess_2018_OR_rev_5k
2012-01-01T00:00:00Z,1.83,vess_2018_OR_rev_5k
2013-01-01T00:00:00Z,1.7,vess_2018_OR_rev_5k
2014-01-01T00:00:00Z,1.74,vess_2018_OR_rev_5k
2015-01-01T00:00:00Z,1.78,vess_2018_OR_rev_5k
2016-01-01T00:00:00Z,1.7,vess_2018_OR_rev_5k
2017-01-01T00:00:00Z,1.67,vess_2018_OR_rev_5k
2018-01-01T00:00:00Z,1.64,vess_2018_OR_rev_5k
1981-01-01T00:00:00Z,1.85,vess_2018_CA_rev_5k
1982-01-01T00:00:00Z,1.77,vess_2018_CA_rev_5k
1983-01-01T00:00:00Z,1.85,vess_2018_CA_rev_5k
1984-01-01T00:00:00Z,1.8,vess_2018_CA_rev_5k
1985-01-01T00:00:00Z,1.77,vess_2018_CA_rev_5k
1986-01-01T00:00:00Z,1.77,vess_2018_CA_rev_5k
1987-01-01T00:00:00Z,1.82,vess_2018_CA_rev_5k
1988-01-01T00:00:00Z,1.85,vess_2018_CA_rev_5k
1989-01-01T00:00:00Z,1.74,vess_2018_CA_rev_5k
1990-01-01T00:00:00Z,1.78,vess_2018_CA_rev_5k
1991-01-01T00:00:00Z,1.79,vess_2018_CA_rev_5k
1992-01-01T00:00:00Z,1.77,vess_2018_CA_rev_5k
1993-01-01T00:00:00Z,1.78,vess_2018_CA_rev_5k
1994-01-01T00:00:00Z,1.78,vess_2018_CA_rev_5k
1995-01-01T00:00:00Z,1.74,vess_2018_CA_rev_5k
1996-01-01T00:00:00Z,1.71,vess_2018_CA_rev_5k
1997-01-01T00:00:00Z,1.8,vess_2018_CA_rev_5k
1998-01-01T00:00:00Z,1.69,vess_2018_CA_rev_5k
1999-01-01T00:00:00Z,1.71,vess_2018_CA_rev_5k
2000-01-01T00:00:00Z,1.73,vess_2018_CA_rev_5k
2001-01-01T00:00:00Z,1.78,vess_2018_CA_rev_5k
2002-01-01T00:00:00Z,1.68,vess_2018_CA_rev_5k
2003-01-01T00:00:00Z,1.63,vess_2018_CA_rev_5k
2004-01-01T00:00:00Z,1.6,vess_2018_CA_rev_5k
2005-01-01T00:00:00Z,1.59,vess_2018_CA_rev_5k
2006-01-01T00:00:00Z,1.53,vess_2018_CA_rev_5k
2007-01-01T00:00:00Z,1.61,vess_2018_CA_rev_5k
2008-01-01T00:00:00Z,1.47,vess_2018_CA_rev_5k
2009-01-01T00:00:00Z,1.49,vess_2018_CA_rev_5k
2010-01-01T00:00:00Z,1.51,vess_2018_CA_rev_5k
2011-01-01T00:00:00Z,1.52,vess_2018_CA_rev_5k
2012-01-01T00:00:00Z,1.54,vess_2018_CA_rev_5k
2013-01-01T00:00:00Z,1.5,vess_2018_CA_rev_5k
2014-01-01T00:00:00Z,1.54,vess_2018_CA_rev_5k
2015-01-01T00:00:00Z,1.59,vess_2018_CA_rev_5k
2016-01-01T00:00:00Z,1.45,vess_2018_CA_rev_5k
2017-01-01T00:00:00Z,1.47,vess_2018_CA_rev_5k
2018-01-01T00:00:00Z,1.49,vess_2018_CA_rev_5k
1981-01-01T00:00:00Z,2.13,vess_rev_5k_fish_2018
1982-01-01T00:00:00Z,2.12,vess_rev_5k_fish_2018
1983-01-01T00:00:00Z,2.01,vess_rev_5k_fish_2018
1984-01-01T00:00:00Z,2.2,vess_rev_5k_fish_2018
1985-01-01T00:00:00Z,2.07,vess_rev_5k_fish_2018
1986-01-01T00:00:00Z,2.1,vess_rev_5k_fish_2018
1987-01-01T00:00:00Z,2.12,vess_rev_5k_fish_2018
1988-01-01T00:00:00Z,2.25,vess_rev_5k_fish_2018
1989-01-01T00:00:00Z,1.9,vess_rev_5k_fish_2018
1990-01-01T00:00:00Z,2.09,vess_rev_5k_fish_2018
1991-01-01T00:00:00Z,2.16,vess_rev_5k_fish_2018
1992-01-01T00:00:00Z,2.11,vess_rev_5k_fish_2018
1993-01-01T00:00:00Z,2.16,vess_rev_5k_fish_2018
1994-01-01T00:00:00Z,2.17,vess_rev_5k_fish_2018
1995-01-01T00:00:00Z,2.08,vess_rev_5k_fish_2018
1996-01-01T00:00:00Z,1.95,vess_rev_5k_fish_2018
1997-01-01T00:00:00Z,2.0,vess_rev_5k_fish_2018
1998-01-01T00:00:00Z,2.02,vess_rev_5k_fish_2018
1999-01-01T00:00:00Z,1.89,vess_rev_5k_fish_2018
2000-01-01T00:00:00Z,1.96,vess_rev_5k_fish_2018
2001-01-01T00:00:00Z,1.99,vess_rev_5k_fish_2018
2002-01-01T00:00:00Z,1.92,vess_rev_5k_fish_2018
2003-01-01T00:00:00Z,1.87,vess_rev_5k_fish_2018
2004-01-01T00:00:00Z,1.88,vess_rev_5k_fish_2018
2005-01-01T00:00:00Z,1.87,vess_rev_5k_fish_2018
2006-01-01T00:00:00Z,1.89,vess_rev_5k_fish_2018
2007-01-01T00:00:00Z,1.84,vess_rev_5k_fish_2018
2008-01-01T00:00:00Z,1.86,vess_rev_5k_fish_2018
2009-01-01T00:00:00Z,1.86,vess_rev_5k_fish_2018
2010-01-01T00:00:00Z,1.9,vess_rev_5k_fish_2018
2011-01-01T00:00:00Z,1.84,vess_rev_5k_fish_2018
2012-01-01T00:00:00Z,1.83,vess_rev_5k_fish_2018
2013-01-01T00:00:00Z,1.81,vess_rev_5k_fish_2018
2014-01-01T00:00:00Z,1.78,vess_rev_5k_fish_2018
2015-01-01T00:00:00Z,1.78,vess_rev_5k_fish_2018
2016-01-01T00:00:00Z,1.77,vess_rev_5k_fish_2018
2017-01-01T00:00:00Z,1.78,vess_rev_5k_fish_2018
2018-01-01T00:00:00Z,1.77,vess_rev_5k_fish_2018
1981-01-01T00:00:00Z,2.13,vess_rev_5k_fish_1981-2018
1982-01-01T00:00:00Z,2.14,vess_rev_5k_fish_1981-2018
1983-01-01T00:00:00Z,2.05,vess_rev_5k_fish_1981-2018
1984-01-01T00:00:00Z,2.23,vess_rev_5k_fish_1981-2018
1985-01-01T00:00:00Z,2.12,vess_rev_5k_fish_1981-2018
1986-01-01T00:00:00Z,2.15,vess_rev_5k_fish_1981-2018
1987-01-01T00:00:00Z,2.21,vess_rev_5k_fish_1981-2018
1988-01-01T00:00:00Z,2.35,vess_rev_5k_fish_1981-2018
1989-01-01T00:00:00Z,2.01,vess_rev_5k_fish_1981-2018
1990-01-01T00:00:00Z,2.2,vess_rev_5k_fish_1981-2018
1991-01-01T00:00:00Z,2.27,vess_rev_5k_fish_1981-2018
1992-01-01T00:00:00Z,2.24,vess_rev_5k_fish_1981-2018
1993-01-01T00:00:00Z,2.3,vess_rev_5k_fish_1981-2018
1994-01-01T00:00:00Z,2.3,vess_rev_5k_fish_1981-2018
1995-01-01T00:00:00Z,2.18,vess_rev_5k_fish_1981-2018
1996-01-01T00:00:00Z,2.07,vess_rev_5k_fish_1981-2018
1997-01-01T00:00:00Z,2.16,vess_rev_5k_fish_1981-2018
1998-01-01T00:00:00Z,2.15,vess_rev_5k_fish_1981-2018
1999-01-01T00:00:00Z,2.0,vess_rev_5k_fish_1981-2018
2000-01-01T00:00:00Z,2.07,vess_rev_5k_fish_1981-2018
2001-01-01T00:00:00Z,2.11,vess_rev_5k_fish_1981-2018
2002-01-01T00:00:00Z,2.01,vess_rev_5k_fish_1981-2018
2003-01-01T00:00:00Z,1.95,vess_rev_5k_fish_1981-2018
2004-01-01T00:00:00Z,1.97,vess_rev_5k_fish_1981-2018
2005-01-01T00:00:00Z,1.97,vess_rev_5k_fish_1981-2018
2006-01-01T00:00:00Z,1.99,vess_rev_5k_fish_1981-2018
2007-01-01T00:00:00Z,1.96,vess_rev_5k_fish_1981-2018
2008-01-01T00:00:00Z,1.92,vess_rev_5k_fish_1981-2018
2009-01-01T00:00:00Z,1.96,vess_rev_5k_fish_1981-2018
2010-01-01T00:00:00Z,2.0,vess_rev_5k_fish_1981-2018
2011-01-01T00:00:00Z,1.96,vess_rev_5k_fish_1981-2018
2012-01-01T00:00:00Z,1.95,vess_rev_5k_fish_1981-2018
2013-01-01T00:00:00Z,1.9,vess_rev_5k_fish_1981-2018
2014-01-01T00:00:00Z,1.91,vess_rev_5k_fish_1981-2018
2015-01-01T00:00:00Z,1.92,vess_rev_5k_fish_1981-2018
2016-01-01T00:00:00Z,1.88,vess_rev_5k_fish_1981-2018
2017-01-01T00:00:00Z,1.86,vess_rev_5k_fish_1981-2018
2018-01-01T00:00:00Z,1.84,vess_rev_5k_fish_1981-2018
1981-01-01T00:00:00Z,1.86,vess_rev_5k_fish_1981
1982-01-01T00:00:00Z,1.87,vess_rev_5k_fish_1981
1983-01-01T00:00:00Z,1.84,vess_rev_5k_fish_1981
1984-01-01T00:00:00Z,1.97,vess_rev_5k_fish_1981
1985-01-01T00:00:00Z,1.86,vess_rev_5k_fish_1981
1986-01-01T00:00:00Z,1.86,vess_rev_5k_fish_1981
1987-01-01T00:00:00Z,1.91,vess_rev_5k_fish_1981
1988-01-01T00:00:00Z,2.02,vess_rev_5k_fish_1981
1989-01-01T00:00:00Z,1.79,vess_rev_5k_fish_1981
1990-01-01T00:00:00Z,1.95,vess_rev_5k_fish_1981
1991-01-01T00:00:00Z,1.98,vess_rev_5k_fish_1981
1992-01-01T00:00:00Z,1.97,vess_rev_5k_fish_1981
1993-01-01T00:00:00Z,2.01,vess_rev_5k_fish_1981
1994-01-01T00:00:00Z,2.01,vess_rev_5k_fish_1981
1995-01-01T00:00:00Z,1.94,vess_rev_5k_fish_1981
1996-01-01T00:00:00Z,1.86,vess_rev_5k_fish_1981
1997-01-01T00:00:00Z,1.94,vess_rev_5k_fish_1981
1998-01-01T00:00:00Z,1.93,vess_rev_5k_fish_1981
1999-01-01T00:00:00Z,1.81,vess_rev_5k_fish_1981
2000-01-01T00:00:00Z,1.88,vess_rev_5k_fish_1981
2001-01-01T00:00:00Z,1.93,vess_rev_5k_fish_1981
2002-01-01T00:00:00Z,1.85,vess_rev_5k_fish_1981
2003-01-01T00:00:00Z,1.8,vess_rev_5k_fish_1981
2004-01-01T00:00:00Z,1.82,vess_rev_5k_fish_1981
2005-01-01T00:00:00Z,1.82,vess_rev_5k_fish_1981
2006-01-01T00:00:00Z,1.85,vess_rev_5k_fish_1981
2007-01-01T00:00:00Z,1.82,vess_rev_5k_fish_1981
2008-01-01T00:00:00Z,1.83,vess_rev_5k_fish_1981
2009-01-01T00:00:00Z,1.84,vess_rev_5k_fish_1981
2010-01-01T00:00:00Z,1.89,vess_rev_5k_fish_1981
2011-01-01T00:00:00Z,1.85,vess_rev_5k_fish_1981
2012-01-01T00:00:00Z,1.85,vess_rev_5k_fish_1981
2013-01-01T00:00:00Z,1.8,vess_rev_5k_fish_1981
2014-01-01T00:00:00Z,1.82,vess_rev_5k_fish_1981
2015-01-01T00:00:00Z,1.84,vess_rev_5k_fish_1981
2016-01-01T00:00:00Z,1.82,vess_rev_5k_fish_1981
2017-01-01T00:00:00Z,1.82,vess_rev_5k_fish_1981
2018-01-01T00:00:00Z,1.84,vess_rev_5k_fish_1981
1981-01-01T00:00:00Z,1.3,vess_2018_WC_rev_5k_ave_5k-25k
1982-01-01T00:00:00Z,1.24,vess_2018_WC_rev_5k_ave_5k-25k
1983-01-01T00:00:00Z,1.34,vess_2018_WC_rev_5k_ave_5k-25k
1984-01-01T00:00:00Z,1.42,vess_2018_WC_rev_5k_ave_5k-25k
1985-01-01T00:00:00Z,1.34,vess_2018_WC_rev_5k_ave_5k-25k
1986-01-01T00:00:00Z,1.28,vess_2018_WC_rev_5k_ave_5k-25k
1987-01-01T00:00:00Z,1.32,vess_2018_WC_rev_5k_ave_5k-25k
1988-01-01T00:00:00Z,1.23,vess_2018_WC_rev_5k_ave_5k-25k
1989-01-01T00:00:00Z,1.33,vess_2018_WC_rev_5k_ave_5k-25k
1990-01-01T00:00:00Z,1.31,vess_2018_WC_rev_5k_ave_5k-25k
1991-01-01T00:00:00Z,1.3,vess_2018_WC_rev_5k_ave_5k-25k
1992-01-01T00:00:00Z,1.32,vess_2018_WC_rev_5k_ave_5k-25k
1993-01-01T00:00:00Z,1.35,vess_2018_WC_rev_5k_ave_5k-25k
1994-01-01T00:00:00Z,1.31,vess_2018_WC_rev_5k_ave_5k-25k
1995-01-01T00:00:00Z,1.27,vess_2018_WC_rev_5k_ave_5k-25k
1996-01-01T00:00:00Z,1.32,vess_2018_WC_rev_5k_ave_5k-25k
1997-01-01T00:00:00Z,1.46,vess_2018_WC_rev_5k_ave_5k-25k
1998-01-01T00:00:00Z,1.39,vess_2018_WC_rev_5k_ave_5k-25k
1999-01-01T00:00:00Z,1.42,vess_2018_WC_rev_5k_ave_5k-25k
2000-01-01T00:00:00Z,1.39,vess_2018_WC_rev_5k_ave_5k-25k
2001-01-01T00:00:00Z,1.38,vess_2018_WC_rev_5k_ave_5k-25k
2002-01-01T00:00:00Z,1.33,vess_2018_WC_rev_5k_ave_5k-25k
2003-01-01T00:00:00Z,1.34,vess_2018_WC_rev_5k_ave_5k-25k
2004-01-01T00:00:00Z,1.31,vess_2018_WC_rev_5k_ave_5k-25k
2005-01-01T00:00:00Z,1.34,vess_2018_WC_rev_5k_ave_5k-25k
2006-01-01T00:00:00Z,1.36,vess_2018_WC_rev_5k_ave_5k-25k
2007-01-01T00:00:00Z,1.36,vess_2018_WC_rev_5k_ave_5k-25k
2008-01-01T00:00:00Z,1.31,vess_2018_WC_rev_5k_ave_5k-25k
2009-01-01T00:00:00Z,1.27,vess_2018_WC_rev_5k_ave_5k-25k
2010-01-01T00:00:00Z,1.26,vess_2018_WC_rev_5k_ave_5k-25k
2011-01-01T00:00:00Z,1.29,vess_2018_WC_rev_5k_ave_5k-25k
2012-01-01T00:00:00Z,1.33,vess_2018_WC_rev_5k_ave_5k-25k
2013-01-01T00:00:00Z,1.28,vess_2018_WC_rev_5k_ave_5k-25k
2014-01-01T00:00:00Z,1.29,vess_2018_WC_rev_5k_ave_5k-25k
2015-01-01T00:00:00Z,1.42,vess_2018_WC_rev_5k_ave_5k-25k
2016-01-01T00:00:00Z,1.34,vess_2018_WC_rev_5k_ave_5k-25k
2017-01-01T00:00:00Z,1.35,vess_2018_WC_rev_5k_ave_5k-25k
2018-01-01T00:00:00Z,1.36,vess_2018_WC_rev_5k_ave_5k-25k
1981-01-01T00:00:00Z,1.73,vess_2018_WC_rev_5k_ave_25-100k
1982-01-01T00:00:00Z,1.62,vess_2018_WC_rev_5k_ave_25-100k
1983-01-01T00:00:00Z,1.77,vess_2018_WC_rev_5k_ave_25-100k
1984-01-01T00:00:00Z,1.76,vess_2018_WC_rev_5k_ave_25-100k
1985-01-01T00:00:00Z,1.69,vess_2018_WC_rev_5k_ave_25-100k
1986-01-01T00:00:00Z,1.68,vess_2018_WC_rev_5k_ave_25-100k
1987-01-01T00:00:00Z,1.71,vess_2018_WC_rev_5k_ave_25-100k
1988-01-01T00:00:00Z,1.72,vess_2018_WC_rev_5k_ave_25-100k
1989-01-01T00:00:00Z,1.69,vess_2018_WC_rev_5k_ave_25-100k
1990-01-01T00:00:00Z,1.67,vess_2018_WC_rev_5k_ave_25-100k
1991-01-01T00:00:00Z,1.69,vess_2018_WC_rev_5k_ave_25-100k
1992-01-01T00:00:00Z,1.65,vess_2018_WC_rev_5k_ave_25-100k
1993-01-01T00:00:00Z,1.67,vess_2018_WC_rev_5k_ave_25-100k
1994-01-01T00:00:00Z,1.64,vess_2018_WC_rev_5k_ave_25-100k
1995-01-01T00:00:00Z,1.61,vess_2018_WC_rev_5k_ave_25-100k
1996-01-01T00:00:00Z,1.61,vess_2018_WC_rev_5k_ave_25-100k
1997-01-01T00:00:00Z,1.7,vess_2018_WC_rev_5k_ave_25-100k
1998-01-01T00:00:00Z,1.63,vess_2018_WC_rev_5k_ave_25-100k
1999-01-01T00:00:00Z,1.6,vess_2018_WC_rev_5k_ave_25-100k
2000-01-01T00:00:00Z,1.62,vess_2018_WC_rev_5k_ave_25-100k
2001-01-01T00:00:00Z,1.64,vess_2018_WC_rev_5k_ave_25-100k
2002-01-01T00:00:00Z,1.56,vess_2018_WC_rev_5k_ave_25-100k
2003-01-01T00:00:00Z,1.56,vess_2018_WC_rev_5k_ave_25-100k
2004-01-01T00:00:00Z,1.53,vess_2018_WC_rev_5k_ave_25-100k
2005-01-01T00:00:00Z,1.53,vess_2018_WC_rev_5k_ave_25-100k
2006-01-01T00:00:00Z,1.52,vess_2018_WC_rev_5k_ave_25-100k
2007-01-01T00:00:00Z,1.58,vess_2018_WC_rev_5k_ave_25-100k
2008-01-01T00:00:00Z,1.41,vess_2018_WC_rev_5k_ave_25-100k
2009-01-01T00:00:00Z,1.41,vess_2018_WC_rev_5k_ave_25-100k
2010-01-01T00:00:00Z,1.48,vess_2018_WC_rev_5k_ave_25-100k
2011-01-01T00:00:00Z,1.5,vess_2018_WC_rev_5k_ave_25-100k
2012-01-01T00:00:00Z,1.52,vess_2018_WC_rev_5k_ave_25-100k
2013-01-01T00:00:00Z,1.45,vess_2018_WC_rev_5k_ave_25-100k
2014-01-01T00:00:00Z,1.46,vess_2018_WC_rev_5k_ave_25-100k
2015-01-01T00:00:00Z,1.49,vess_2018_WC_rev_5k_ave_25-100k
2016-01-01T00:00:00Z,1.41,vess_2018_WC_rev_5k_ave_25-100k
2017-01-01T00:00:00Z,1.4,vess_2018_WC_rev_5k_ave_25-100k
2018-01-01T00:00:00Z,1.4,vess_2018_WC_rev_5k_ave_25-100k
1981-01-01T00:00:00Z,2.09,vess_2018_WC_rev_5k_ave_100k
1982-01-01T00:00:00Z,2.09,vess_2018_WC_rev_5k_ave_100k
1983-01-01T00:00:00Z,1.99,vess_2018_WC_rev_5k_ave_100k
1984-01-01T00:00:00Z,2.1,vess_2018_WC_rev_5k_ave_100k
1985-01-01T00:00:00Z,2.15,vess_2018_WC_rev_5k_ave_100k
1986-01-01T00:00:00Z,2.22,vess_2018_WC_rev_5k_ave_100k
1987-01-01T00:00:00Z,2.41,vess_2018_WC_rev_5k_ave_100k
1988-01-01T00:00:00Z,2.4,vess_2018_WC_rev_5k_ave_100k
1989-01-01T00:00:00Z,2.02,vess_2018_WC_rev_5k_ave_100k
1990-01-01T00:00:00Z,2.26,vess_2018_WC_rev_5k_ave_100k
1991-01-01T00:00:00Z,2.32,vess_2018_WC_rev_5k_ave_100k
1992-01-01T00:00:00Z,2.43,vess_2018_WC_rev_5k_ave_100k
1993-01-01T00:00:00Z,2.43,vess_2018_WC_rev_5k_ave_100k
1994-01-01T00:00:00Z,2.45,vess_2018_WC_rev_5k_ave_100k
1995-01-01T00:00:00Z,2.29,vess_2018_WC_rev_5k_ave_100k
1996-01-01T00:00:00Z,2.25,vess_2018_WC_rev_5k_ave_100k
1997-01-01T00:00:00Z,2.33,vess_2018_WC_rev_5k_ave_100k
1998-01-01T00:00:00Z,2.29,vess_2018_WC_rev_5k_ave_100k
1999-01-01T00:00:00Z,2.16,vess_2018_WC_rev_5k_ave_100k
2000-01-01T00:00:00Z,2.18,vess_2018_WC_rev_5k_ave_100k
2001-01-01T00:00:00Z,2.27,vess_2018_WC_rev_5k_ave_100k
2002-01-01T00:00:00Z,2.14,vess_2018_WC_rev_5k_ave_100k
2003-01-01T00:00:00Z,2.09,vess_2018_WC_rev_5k_ave_100k
2004-01-01T00:00:00Z,2.13,vess_2018_WC_rev_5k_ave_100k
2005-01-01T00:00:00Z,2.07,vess_2018_WC_rev_5k_ave_100k
2006-01-01T00:00:00Z,1.98,vess_2018_WC_rev_5k_ave_100k
2007-01-01T00:00:00Z,2.06,vess_2018_WC_rev_5k_ave_100k
2008-01-01T00:00:00Z,1.96,vess_2018_WC_rev_5k_ave_100k
2009-01-01T00:00:00Z,2.06,vess_2018_WC_rev_5k_ave_100k
2010-01-01T00:00:00Z,1.97,vess_2018_WC_rev_5k_ave_100k
2011-01-01T00:00:00Z,1.92,vess_2018_WC_rev_5k_ave_100k
2012-01-01T00:00:00Z,1.94,vess_2018_WC_rev_5k_ave_100k
2013-01-01T00:00:00Z,1.85,vess_2018_WC_rev_5k_ave_100k
2014-01-01T00:00:00Z,1.92,vess_2018_WC_rev_5k_ave_100k
2015-01-01T00:00:00Z,1.93,vess_2018_WC_rev_5k_ave_100k
2016-01-01T00:00:00Z,1.82,vess_2018_WC_rev_5k_ave_100k
2017-01-01T00:00:00Z,1.8,vess_2018_WC_rev_5k_ave_100k
2018-01-01T00:00:00Z,1.79,vess_2018_WC_rev_5k_ave_100k
1981-01-01T00:00:00Z,1.57,vess_2018_WC_rev_5k_len_41
1982-01-01T00:00:00Z,1.5,vess_2018_WC_rev_5k_len_41
1983-01-01T00:00:00Z,1.59,vess_2018_WC_rev_5k_len_41
1984-01-01T00:00:00Z,1.63,vess_2018_WC_rev_5k_len_41
1985-01-01T00:00:00Z,1.56,vess_2018_WC_rev_5k_len_41
1986-01-01T00:00:00Z,1.55,vess_2018_WC_rev_5k_len_41
1987-01-01T00:00:00Z,1.57,vess_2018_WC_rev_5k_len_41
1988-01-01T00:00:00Z,1.53,vess_2018_WC_rev_5k_len_41
1989-01-01T00:00:00Z,1.51,vess_2018_WC_rev_5k_len_41
1990-01-01T00:00:00Z,1.5,vess_2018_WC_rev_5k_len_41
1991-01-01T00:00:00Z,1.5,vess_2018_WC_rev_5k_len_41
1992-01-01T00:00:00Z,1.49,vess_2018_WC_rev_5k_len_41
1993-01-01T00:00:00Z,1.53,vess_2018_WC_rev_5k_len_41
1994-01-01T00:00:00Z,1.5,vess_2018_WC_rev_5k_len_41
1995-01-01T00:00:00Z,1.47,vess_2018_WC_rev_5k_len_41
1996-01-01T00:00:00Z,1.5,vess_2018_WC_rev_5k_len_41
1997-01-01T00:00:00Z,1.56,vess_2018_WC_rev_5k_len_41
1998-01-01T00:00:00Z,1.56,vess_2018_WC_rev_5k_len_41
1999-01-01T00:00:00Z,1.54,vess_2018_WC_rev_5k_len_41
2000-01-01T00:00:00Z,1.53,vess_2018_WC_rev_5k_len_41
2001-01-01T00:00:00Z,1.53,vess_2018_WC_rev_5k_len_41
2002-01-01T00:00:00Z,1.48,vess_2018_WC_rev_5k_len_41
2003-01-01T00:00:00Z,1.47,vess_2018_WC_rev_5k_len_41
2004-01-01T00:00:00Z,1.44,vess_2018_WC_rev_5k_len_41
2005-01-01T00:00:00Z,1.46,vess_2018_WC_rev_5k_len_41
2006-01-01T00:00:00Z,1.45,vess_2018_WC_rev_5k_len_41
2007-01-01T00:00:00Z,1.47,vess_2018_WC_rev_5k_len_41
2008-01-01T00:00:00Z,1.39,vess_2018_WC_rev_5k_len_41
2009-01-01T00:00:00Z,1.37,vess_2018_WC_rev_5k_len_41
2010-01-01T00:00:00Z,1.38,vess_2018_WC_rev_5k_len_41
2011-01-01T00:00:00Z,1.4,vess_2018_WC_rev_5k_len_41
2012-01-01T00:00:00Z,1.44,vess_2018_WC_rev_5k_len_41
2013-01-01T00:00:00Z,1.39,vess_2018_WC_rev_5k_len_41
2014-01-01T00:00:00Z,1.38,vess_2018_WC_rev_5k_len_41
2015-01-01T00:00:00Z,1.45,vess_2018_WC_rev_5k_len_41
2016-01-01T00:00:00Z,1.37,vess_2018_WC_rev_5k_len_41
2017-01-01T00:00:00Z,1.37,vess_2018_WC_rev_5k_len_41
2018-01-01T00:00:00Z,1.39,vess_2018_WC_rev_5k_len_41
1981-01-01T00:00:00Z,2.03,vess_2018_WC_rev_5k_len_41-80
1982-01-01T00:00:00Z,2.0,vess_2018_WC_rev_5k_len_41-80
1983-01-01T00:00:00Z,1.98,vess_2018_WC_rev_5k_len_41-80
1984-01-01T00:00:00Z,2.05,vess_2018_WC_rev_5k_len_41-80
1985-01-01T00:00:00Z,2.07,vess_2018_WC_rev_5k_len_41-80
1986-01-01T00:00:00Z,2.13,vess_2018_WC_rev_5k_len_41-80
1987-01-01T00:00:00Z,2.31,vess_2018_WC_rev_5k_len_41-80
1988-01-01T00:00:00Z,2.31,vess_2018_WC_rev_5k_len_41-80
1989-01-01T00:00:00Z,2.01,vess_2018_WC_rev_5k_len_41-80
1990-01-01T00:00:00Z,2.21,vess_2018_WC_rev_5k_len_41-80
1991-01-01T00:00:00Z,2.27,vess_2018_WC_rev_5k_len_41-80
1992-01-01T00:00:00Z,2.35,vess_2018_WC_rev_5k_len_41-80
1993-01-01T00:00:00Z,2.33,vess_2018_WC_rev_5k_len_41-80
1994-01-01T00:00:00Z,2.36,vess_2018_WC_rev_5k_len_41-80
1995-01-01T00:00:00Z,2.2,vess_2018_WC_rev_5k_len_41-80
1996-01-01T00:00:00Z,2.15,vess_2018_WC_rev_5k_len_41-80
1997-01-01T00:00:00Z,2.29,vess_2018_WC_rev_5k_len_41-80
1998-01-01T00:00:00Z,2.19,vess_2018_WC_rev_5k_len_41-80
1999-01-01T00:00:00Z,2.09,vess_2018_WC_rev_5k_len_41-80
2000-01-01T00:00:00Z,2.12,vess_2018_WC_rev_5k_len_41-80
2001-01-01T00:00:00Z,2.2,vess_2018_WC_rev_5k_len_41-80
2002-01-01T00:00:00Z,2.07,vess_2018_WC_rev_5k_len_41-80
2003-01-01T00:00:00Z,2.02,vess_2018_WC_rev_5k_len_41-80
2004-01-01T00:00:00Z,2.07,vess_2018_WC_rev_5k_len_41-80
2005-01-01T00:00:00Z,1.99,vess_2018_WC_rev_5k_len_41-80
2006-01-01T00:00:00Z,1.94,vess_2018_WC_rev_5k_len_41-80
2007-01-01T00:00:00Z,2.03,vess_2018_WC_rev_5k_len_41-80
2008-01-01T00:00:00Z,1.89,vess_2018_WC_rev_5k_len_41-80
2009-01-01T00:00:00Z,1.98,vess_2018_WC_rev_5k_len_41-80
2010-01-01T00:00:00Z,1.94,vess_2018_WC_rev_5k_len_41-80
2011-01-01T00:00:00Z,1.9,vess_2018_WC_rev_5k_len_41-80
2012-01-01T00:00:00Z,1.92,vess_2018_WC_rev_5k_len_41-80
2013-01-01T00:00:00Z,1.81,vess_2018_WC_rev_5k_len_41-80
2014-01-01T00:00:00Z,1.92,vess_2018_WC_rev_5k_len_41-80
2015-01-01T00:00:00Z,1.92,vess_2018_WC_rev_5k_len_41-80
2016-01-01T00:00:00Z,1.8,vess_2018_WC_rev_5k_len_41-80
2017-01-01T00:00:00Z,1.76,vess_2018_WC_rev_5k_len_41-80
2018-01-01T00:00:00Z,1.73,vess_2018_WC_rev_5k_len_41-80
1981-01-01T00:00:00Z,2.04,vess_2018_WC_rev_5k_len_81-125
1982-01-01T00:00:00Z,2.18,vess_2018_WC_rev_5k_len_81-125
1983-01-01T00:00:00Z,1.54,vess_2018_WC_rev_5k_len_81-125
1984-01-01T00:00:00Z,2.04,vess_2018_WC_rev_5k_len_81-125
1985-01-01T00:00:00Z,2.26,vess_2018_WC_rev_5k_len_81-125
1986-01-01T00:00:00Z,2.64,vess_2018_WC_rev_5k_len_81-125
1987-01-01T00:00:00Z,2.69,vess_2018_WC_rev_5k_len_81-125
1988-01-01T00:00:00Z,2.84,vess_2018_WC_rev_5k_len_81-125
1989-01-01T00:00:00Z,3.27,vess_2018_WC_rev_5k_len_81-125
1990-01-01T00:00:00Z,2.67,vess_2018_WC_rev_5k_len_81-125
1991-01-01T00:00:00Z,3.09,vess_2018_WC_rev_5k_len_81-125
1992-01-01T00:00:00Z,2.9,vess_2018_WC_rev_5k_len_81-125
1993-01-01T00:00:00Z,3.21,vess_2018_WC_rev_5k_len_81-125
1994-01-01T00:00:00Z,3.08,vess_2018_WC_rev_5k_len_81-125
1995-01-01T00:00:00Z,2.99,vess_2018_WC_rev_5k_len_81-125
1996-01-01T00:00:00Z,3.15,vess_2018_WC_rev_5k_len_81-125
1997-01-01T00:00:00Z,2.92,vess_2018_WC_rev_5k_len_81-125
1998-01-01T00:00:00Z,2.84,vess_2018_WC_rev_5k_len_81-125
1999-01-01T00:00:00Z,2.8,vess_2018_WC_rev_5k_len_81-125
2000-01-01T00:00:00Z,2.78,vess_2018_WC_rev_5k_len_81-125
2001-01-01T00:00:00Z,2.93,vess_2018_WC_rev_5k_len_81-125
2002-01-01T00:00:00Z,2.65,vess_2018_WC_rev_5k_len_81-125
2003-01-01T00:00:00Z,2.81,vess_2018_WC_rev_5k_len_81-125
2004-01-01T00:00:00Z,2.69,vess_2018_WC_rev_5k_len_81-125
2005-01-01T00:00:00Z,2.65,vess_2018_WC_rev_5k_len_81-125
2006-01-01T00:00:00Z,2.6,vess_2018_WC_rev_5k_len_81-125
2007-01-01T00:00:00Z,2.65,vess_2018_WC_rev_5k_len_81-125
2008-01-01T00:00:00Z,2.53,vess_2018_WC_rev_5k_len_81-125
2009-01-01T00:00:00Z,2.65,vess_2018_WC_rev_5k_len_81-125
2010-01-01T00:00:00Z,2.5,vess_2018_WC_rev_5k_len_81-125
2011-01-01T00:00:00Z,2.32,vess_2018_WC_rev_5k_len_81-125
2012-01-01T00:00:00Z,2.13,vess_2018_WC_rev_5k_len_81-125
2013-01-01T00:00:00Z,2.0,vess_2018_WC_rev_5k_len_81-125
2014-01-01T00:00:00Z,2.08,vess_2018_WC_rev_5k_len_81-125
2015-01-01T00:00:00Z,2.04,vess_2018_WC_rev_5k_len_81-125
2016-01-01T00:00:00Z,2.11,vess_2018_WC_rev_5k_len_81-125
2017-01-01T00:00:00Z,2.02,vess_2018_WC_rev_5k_len_81-125
2018-01-01T00:00:00Z,2.05,vess_2018_WC_rev_5k_len_81-125
1981-01-01T00:00:00Z,2.61,Port of Bellingham
1982-01-01T00:00:00Z,2.54,Port of Bellingham
1983-01-01T00:00:00Z,4.71,Port of Bellingham
1984-01-01T00:00:00Z,3.85,Port of Bellingham
1985-01-01T00:00:00Z,3.13,Port of Bellingham
1986-01-01T00:00:00Z,3.16,Port of Bellingham
1987-01-01T00:00:00Z,4.15,Port of Bellingham
1988-01-01T00:00:00Z,4.22,Port of Bellingham
1989-01-01T00:00:00Z,3.57,Port of Bellingham
1990-01-01T00:00:00Z,3.68,Port of Bellingham
1991-01-01T00:00:00Z,4.78,Port of Bellingham
1992-01-01T00:00:00Z,5.14,Port of Bellingham
1993-01-01T00:00:00Z,4.85,Port of Bellingham
1994-01-01T00:00:00Z,4.76,Port of Bellingham
1995-01-01T00:00:00Z,6.51,Port of Bellingham
1996-01-01T00:00:00Z,6.09,Port of Bellingham
1997-01-01T00:00:00Z,5.8,Port of Bellingham
1998-01-01T00:00:00Z,5.83,Port of Bellingham
1999-01-01T00:00:00Z,5.32,Port of Bellingham
2000-01-01T00:00:00Z,5.97,Port of Bellingham
2001-01-01T00:00:00Z,5.98,Port of Bellingham
2002-01-01T00:00:00Z,6.57,Port of Bellingham
2003-01-01T00:00:00Z,6.74,Port of Bellingham
2004-01-01T00:00:00Z,7.29,Port of Bellingham
2005-01-01T00:00:00Z,7.56,Port of Bellingham
2006-01-01T00:00:00Z,6.02,Port of Bellingham
2007-01-01T00:00:00Z,5.48,Port of Bellingham
2008-01-01T00:00:00Z,5.86,Port of Bellingham
2009-01-01T00:00:00Z,5.98,Port of Bellingham
2010-01-01T00:00:00Z,4.69,Port of Bellingham
2011-01-01T00:00:00Z,5.38,Port of Bellingham
2012-01-01T00:00:00Z,6.4,Port of Bellingham
2013-01-01T00:00:00Z,5.06,Port of Bellingham
2014-01-01T00:00:00Z,5.9,Port of Bellingham
2015-01-01T00:00:00Z,5.95,Port of Bellingham
2016-01-01T00:00:00Z,6.56,Port of Bellingham
2017-01-01T00:00:00Z,5.96,Port of Bellingham
2018-01-01T00:00:00Z,4.99,Port of Bellingham
1981-01-01T00:00:00Z,4.07,Port of Seattle
1982-01-01T00:00:00Z,4.05,Port of Seattle
1983-01-01T00:00:00Z,5.14,Port of Seattle
1984-01-01T00:00:00Z,4.5,Port of Seattle
1985-01-01T00:00:00Z,4.98,Port of Seattle
1986-01-01T00:00:00Z,4.31,Port of Seattle
1987-01-01T00:00:00Z,3.8,Port of Seattle
1988-01-01T00:00:00Z,4.06,Port of Seattle
1989-01-01T00:00:00Z,4.56,Port of Seattle
1990-01-01T00:00:00Z,5.89,Port of Seattle
1991-01-01T00:00:00Z,7.65,Port of Seattle
1992-01-01T00:00:00Z,7.34,Port of Seattle
1993-01-01T00:00:00Z,9.44,Port of Seattle
1994-01-01T00:00:00Z,9.2,Port of Seattle
1995-01-01T00:00:00Z,7.45,Port of Seattle
1996-01-01T00:00:00Z,6.86,Port of Seattle
1997-01-01T00:00:00Z,6.12,Port of Seattle
1998-01-01T00:00:00Z,6.59,Port of Seattle
1999-01-01T00:00:00Z,5.99,Port of Seattle
2000-01-01T00:00:00Z,6.11,Port of Seattle
2001-01-01T00:00:00Z,4.96,Port of Seattle
2002-01-01T00:00:00Z,4.43,Port of Seattle
2003-01-01T00:00:00Z,4.17,Port of Seattle
2004-01-01T00:00:00Z,2.78,Port of Seattle
2005-01-01T00:00:00Z,3.84,Port of Seattle
2006-01-01T00:00:00Z,3.47,Port of Seattle
2007-01-01T00:00:00Z,3.67,Port of Seattle
2008-01-01T00:00:00Z,2.58,Port of Seattle
2009-01-01T00:00:00Z,2.08,Port of Seattle
2010-01-01T00:00:00Z,2.51,Port of Seattle
2011-01-01T00:00:00Z,2.4,Port of Seattle
2012-01-01T00:00:00Z,2.14,Port of Seattle
2013-01-01T00:00:00Z,2.71,Port of Seattle
2014-01-01T00:00:00Z,2.34,Port of Seattle
2015-01-01T00:00:00Z,2.78,Port of Seattle
2016-01-01T00:00:00Z,2.51,Port of Seattle
2017-01-01T00:00:00Z,2.6,Port of Seattle
2018-01-01T00:00:00Z,3.31,Port of Seattle
1981-01-01T00:00:00Z,5.29,Port of Westport
1982-01-01T00:00:00Z,4.42,Port of Westport
1983-01-01T00:00:00Z,4.55,Port of Westport
1984-01-01T00:00:00Z,4.22,Port of Westport
1985-01-01T00:00:00Z,5.1,Port of Westport
1986-01-01T00:00:00Z,4.47,Port of Westport
1987-01-01T00:00:00Z,5.21,Port of Westport
1988-01-01T00:00:00Z,4.38,Port of Westport
1989-01-01T00:00:00Z,3.89,Port of Westport
1990-01-01T00:00:00Z,4.31,Port of Westport
1991-01-01T00:00:00Z,4.84,Port of Westport
1992-01-01T00:00:00Z,4.52,Port of Westport
1993-01-01T00:00:00Z,3.87,Port of Westport
1994-01-01T00:00:00Z,4.02,Port of Westport
1995-01-01T00:00:00Z,3.78,Port of Westport
1996-01-01T00:00:00Z,3.71,Port of Westport
1997-01-01T00:00:00Z,4.16,Port of Westport
1998-01-01T00:00:00Z,3.63,Port of Westport
1999-01-01T00:00:00Z,2.63,Port of Westport
2000-01-01T00:00:00Z,3.49,Port of Westport
2001-01-01T00:00:00Z,3.61,Port of Westport
2002-01-01T00:00:00Z,4.01,Port of Westport
2003-01-01T00:00:00Z,2.86,Port of Westport
2004-01-01T00:00:00Z,5.72,Port of Westport
2005-01-01T00:00:00Z,3.88,Port of Westport
2006-01-01T00:00:00Z,4.27,Port of Westport
2007-01-01T00:00:00Z,4.27,Port of Westport
2008-01-01T00:00:00Z,4.74,Port of Westport
2009-01-01T00:00:00Z,5.53,Port of Westport
2010-01-01T00:00:00Z,5.78,Port of Westport
2011-01-01T00:00:00Z,4.51,Port of Westport
2012-01-01T00:00:00Z,5.55,Port of Westport
2013-01-01T00:00:00Z,4.88,Port of Westport
2014-01-01T00:00:00Z,4.63,Port of Westport
2015-01-01T00:00:00Z,4.05,Port of Westport
2016-01-01T00:00:00Z,3.99,Port of Westport
2017-01-01T00:00:00Z,3.92,Port of Westport
2018-01-01T00:00:00Z,5.77,Port of Westport
1981-01-01T00:00:00Z,7.16,Port of Ilwaco
1982-01-01T00:00:00Z,6.0,Port of Ilwaco
1983-01-01T00:00:00Z,5.35,Port of Ilwaco
1984-01-01T00:00:00Z,5.99,Port of Ilwaco
1985-01-01T00:00:00Z,5.59,Port of Ilwaco
1986-01-01T00:00:00Z,5.71,Port of Ilwaco
1987-01-01T00:00:00Z,5.46,Port of Ilwaco
1988-01-01T00:00:00Z,5.67,Port of Ilwaco
1989-01-01T00:00:00Z,4.48,Port of Ilwaco
1990-01-01T00:00:00Z,6.12,Port of Ilwaco
1991-01-01T00:00:00Z,6.08,Port of Ilwaco
1992-01-01T00:00:00Z,5.71,Port of Ilwaco
1993-01-01T00:00:00Z,5.37,Port of Ilwaco
1994-01-01T00:00:00Z,3.66,Port of Ilwaco
1995-01-01T00:00:00Z,4.19,Port of Ilwaco
1996-01-01T00:00:00Z,3.35,Port of Ilwaco
1997-01-01T00:00:00Z,3.53,Port of Ilwaco
1998-01-01T00:00:00Z,2.53,Port of Ilwaco
1999-01-01T00:00:00Z,3.74,Port of Ilwaco
2000-01-01T00:00:00Z,3.71,Port of Ilwaco
2001-01-01T00:00:00Z,3.8,Port of Ilwaco
2002-01-01T00:00:00Z,4.02,Port of Ilwaco
2003-01-01T00:00:00Z,3.3,Port of Ilwaco
2004-01-01T00:00:00Z,2.92,Port of Ilwaco
2005-01-01T00:00:00Z,4.48,Port of Ilwaco
2006-01-01T00:00:00Z,3.76,Port of Ilwaco
2007-01-01T00:00:00Z,3.6,Port of Ilwaco
2008-01-01T00:00:00Z,4.0,Port of Ilwaco
2009-01-01T00:00:00Z,3.68,Port of Ilwaco
2010-01-01T00:00:00Z,4.24,Port of Ilwaco
2011-01-01T00:00:00Z,4.24,Port of Ilwaco
2012-01-01T00:00:00Z,5.05,Port of Ilwaco
2013-01-01T00:00:00Z,4.06,Port of Ilwaco
2014-01-01T00:00:00Z,4.92,Port of Ilwaco
2015-01-01T00:00:00Z,4.73,Port of Ilwaco
2016-01-01T00:00:00Z,3.25,Port of Ilwaco
2017-01-01T00:00:00Z,3.73,Port of Ilwaco
2018-01-01T00:00:00Z,4.34,Port of Ilwaco
1981-01-01T00:00:00Z,6.22,Port of Astoria
1982-01-01T00:00:00Z,5.1,Port of Astoria
1983-01-01T00:00:00Z,5.82,Port of Astoria
1984-01-01T00:00:00Z,6.02,Port of Astoria
1985-01-01T00:00:00Z,6.29,Port of Astoria
1986-01-01T00:00:00Z,5.98,Port of Astoria
1987-01-01T00:00:00Z,4.25,Port of Astoria
1988-01-01T00:00:00Z,5.25,Port of Astoria
1989-01-01T00:00:00Z,5.75,Port of Astoria
1990-01-01T00:00:00Z,5.83,Port of Astoria
1991-01-01T00:00:00Z,5.4,Port of Astoria
1992-01-01T00:00:00Z,6.5,Port of Astoria
1993-01-01T00:00:00Z,6.2,Port of Astoria
1994-01-01T00:00:00Z,5.9,Port of Astoria
1995-01-01T00:00:00Z,6.14,Port of Astoria
1996-01-01T00:00:00Z,5.39,Port of Astoria
1997-01-01T00:00:00Z,6.65,Port of Astoria
1998-01-01T00:00:00Z,6.29,Port of Astoria
1999-01-01T00:00:00Z,6.29,Port of Astoria
2000-01-01T00:00:00Z,7.78,Port of Astoria
2001-01-01T00:00:00Z,6.38,Port of Astoria
2002-01-01T00:00:00Z,6.93,Port of Astoria
2003-01-01T00:00:00Z,5.56,Port of Astoria
2004-01-01T00:00:00Z,7.6,Port of Astoria
2005-01-01T00:00:00Z,6.91,Port of Astoria
2006-01-01T00:00:00Z,6.45,Port of Astoria
2007-01-01T00:00:00Z,6.8,Port of Astoria
2008-01-01T00:00:00Z,6.89,Port of Astoria
2009-01-01T00:00:00Z,6.24,Port of Astoria
2010-01-01T00:00:00Z,7.18,Port of Astoria
2011-01-01T00:00:00Z,7.07,Port of Astoria
2012-01-01T00:00:00Z,7.44,Port of Astoria
2013-01-01T00:00:00Z,6.74,Port of Astoria
2014-01-01T00:00:00Z,7.44,Port of Astoria
2015-01-01T00:00:00Z,6.2,Port of Astoria
2016-01-01T00:00:00Z,6.21,Port of Astoria
2017-01-01T00:00:00Z,5.14,Port of Astoria
2018-01-01T00:00:00Z,5.31,Port of Astoria
1981-01-01T00:00:00Z,5.71,Port of Newport
1982-01-01T00:00:00Z,4.98,Port of Newport
1983-01-01T00:00:00Z,5.97,Port of Newport
1984-01-01T00:00:00Z,5.81,Port of Newport
1985-01-01T00:00:00Z,6.17,Port of Newport
1986-01-01T00:00:00Z,5.91,Port of Newport
1987-01-01T00:00:00Z,5.64,Port of Newport
1988-01-01T00:00:00Z,5.99,Port of Newport
1989-01-01T00:00:00Z,5.29,Port of Newport
1990-01-01T00:00:00Z,6.11,Port of Newport
1991-01-01T00:00:00Z,6.58,Port of Newport
1992-01-01T00:00:00Z,7.12,Port of Newport
1993-01-01T00:00:00Z,7.11,Port of Newport
1994-01-01T00:00:00Z,6.45,Port of Newport
1995-01-01T00:00:00Z,6.96,Port of Newport
1996-01-01T00:00:00Z,7.0,Port of Newport
1997-01-01T00:00:00Z,7.28,Port of Newport
1998-01-01T00:00:00Z,7.25,Port of Newport
1999-01-01T00:00:00Z,6.07,Port of Newport
2000-01-01T00:00:00Z,6.44,Port of Newport
2001-01-01T00:00:00Z,7.1,Port of Newport
2002-01-01T00:00:00Z,6.54,Port of Newport
2003-01-01T00:00:00Z,5.77,Port of Newport
2004-01-01T00:00:00Z,5.59,Port of Newport
2005-01-01T00:00:00Z,6.62,Port of Newport
2006-01-01T00:00:00Z,4.25,Port of Newport
2007-01-01T00:00:00Z,4.92,Port of Newport
2008-01-01T00:00:00Z,5.44,Port of Newport
2009-01-01T00:00:00Z,4.73,Port of Newport
2010-01-01T00:00:00Z,5.59,Port of Newport
2011-01-01T00:00:00Z,5.46,Port of Newport
2012-01-01T00:00:00Z,6.34,Port of Newport
2013-01-01T00:00:00Z,5.61,Port of Newport
2014-01-01T00:00:00Z,6.1,Port of Newport
2015-01-01T00:00:00Z,6.77,Port of Newport
2016-01-01T00:00:00Z,6.74,Port of Newport
2017-01-01T00:00:00Z,5.55,Port of Newport
2018-01-01T00:00:00Z,5.56,Port of Newport
1981-01-01T00:00:00Z,6.36,Port of Coos Bay
1982-01-01T00:00:00Z,5.85,Port of Coos Bay
1983-01-01T00:00:00Z,4.86,Port of Coos Bay
1984-01-01T00:00:00Z,5.05,Port of Coos Bay
1985-01-01T00:00:00Z,5.21,Port of Coos Bay
1986-01-01T00:00:00Z,5.1,Port of Coos Bay
1987-01-01T00:00:00Z,4.76,Port of Coos Bay
1988-01-01T00:00:00Z,5.11,Port of Coos Bay
1989-01-01T00:00:00Z,5.04,Port of Coos Bay
1990-01-01T00:00:00Z,5.2,Port of Coos Bay
1991-01-01T00:00:00Z,4.71,Port of Coos Bay
1992-01-01T00:00:00Z,4.42,Port of Coos Bay
1993-01-01T00:00:00Z,5.3,Port of Coos Bay
1994-01-01T00:00:00Z,4.98,Port of Coos Bay
1995-01-01T00:00:00Z,4.68,Port of Coos Bay
1996-01-01T00:00:00Z,5.3,Port of Coos Bay
1997-01-01T00:00:00Z,5.14,Port of Coos Bay
1998-01-01T00:00:00Z,5.34,Port of Coos Bay
1999-01-01T00:00:00Z,5.69,Port of Coos Bay
2000-01-01T00:00:00Z,5.52,Port of Coos Bay
2001-01-01T00:00:00Z,6.56,Port of Coos Bay
2002-01-01T00:00:00Z,5.7,Port of Coos Bay
2003-01-01T00:00:00Z,5.89,Port of Coos Bay
2004-01-01T00:00:00Z,4.09,Port of Coos Bay
2005-01-01T00:00:00Z,6.34,Port of Coos Bay
2006-01-01T00:00:00Z,4.15,Port of Coos Bay
2007-01-01T00:00:00Z,5.83,Port of Coos Bay
2008-01-01T00:00:00Z,5.75,Port of Coos Bay
2009-01-01T00:00:00Z,4.19,Port of Coos Bay
2010-01-01T00:00:00Z,5.21,Port of Coos Bay
2011-01-01T00:00:00Z,5.24,Port of Coos Bay
2012-01-01T00:00:00Z,5.08,Port of Coos Bay
2013-01-01T00:00:00Z,5.13,Port of Coos Bay
2014-01-01T00:00:00Z,5.12,Port of Coos Bay
2015-01-01T00:00:00Z,5.25,Port of Coos Bay
2016-01-01T00:00:00Z,5.17,Port of Coos Bay
2017-01-01T00:00:00Z,4.83,Port of Coos Bay
2018-01-01T00:00:00Z,4.4,Port of Coos Bay
1981-01-01T00:00:00Z,4.48,Port of Brookings
1982-01-01T00:00:00Z,4.71,Port of Brookings
1983-01-01T00:00:00Z,4.47,Port of Brookings
1984-01-01T00:00:00Z,4.02,Port of Brookings
1985-01-01T00:00:00Z,3.3,Port of Brookings
1986-01-01T00:00:00Z,4.99,Port of Brookings
1987-01-01T00:00:00Z,5.04,Port of Brookings
1988-01-01T00:00:00Z,4.95,Port of Brookings
1989-01-01T00:00:00Z,4.62,Port of Brookings
1990-01-01T00:00:00Z,4.35,Port of Brookings
1991-01-01T00:00:00Z,3.95,Port of Brookings
1992-01-01T00:00:00Z,3.58,Port of Brookings
1993-01-01T00:00:00Z,4.36,Port of Brookings
1994-01-01T00:00:00Z,4.23,Port of Brookings
1995-01-01T00:00:00Z,4.25,Port of Brookings
1996-01-01T00:00:00Z,3.84,Port of Brookings
1997-01-01T00:00:00Z,4.4,Port of Brookings
1998-01-01T00:00:00Z,3.88,Port of Brookings
1999-01-01T00:00:00Z,3.55,Port of Brookings
2000-01-01T00:00:00Z,4.03,Port of Brookings
2001-01-01T00:00:00Z,5.51,Port of Brookings
2002-01-01T00:00:00Z,5.38,Port of Brookings
2003-01-01T00:00:00Z,2.43,Port of Brookings
2004-01-01T00:00:00Z,1.75,Port of Brookings
2005-01-01T00:00:00Z,3.8,Port of Brookings
2006-01-01T00:00:00Z,1.8,Port of Brookings
2007-01-01T00:00:00Z,3.45,Port of Brookings
2008-01-01T00:00:00Z,4.01,Port of Brookings
2009-01-01T00:00:00Z,2.61,Port of Brookings
2010-01-01T00:00:00Z,3.65,Port of Brookings
2011-01-01T00:00:00Z,4.04,Port of Brookings
2012-01-01T00:00:00Z,2.96,Port of Brookings
2013-01-01T00:00:00Z,2.61,Port of Brookings
2014-01-01T00:00:00Z,4.9,Port of Brookings
2015-01-01T00:00:00Z,3.41,Port of Brookings
2016-01-01T00:00:00Z,3.17,Port of Brookings
2017-01-01T00:00:00Z,4.38,Port of Brookings
2018-01-01T00:00:00Z,3.3,Port of Brookings
1981-01-01T00:00:00Z,4.49,Port of Crescent City
1982-01-01T00:00:00Z,5.01,Port of Crescent City
1983-01-01T00:00:00Z,3.55,Port of Crescent City
1984-01-01T00:00:00Z,4.31,Port of Crescent City
1985-01-01T00:00:00Z,4.19,Port of Crescent City
1986-01-01T00:00:00Z,4.33,Port of Crescent City
1987-01-01T00:00:00Z,4.9,Port of Crescent City
1988-01-01T00:00:00Z,4.71,Port of Crescent City
1989-01-01T00:00:00Z,4.94,Port of Crescent City
1990-01-01T00:00:00Z,4.14,Port of Crescent City
1991-01-01T00:00:00Z,4.32,Port of Crescent City
1992-01-01T00:00:00Z,4.96,Port of Crescent City
1993-01-01T00:00:00Z,4.73,Port of Crescent City
1994-01-01T00:00:00Z,3.99,Port of Crescent City
1995-01-01T00:00:00Z,4.8,Port of Crescent City
1996-01-01T00:00:00Z,4.41,Port of Crescent City
1997-01-01T00:00:00Z,5.44,Port of Crescent City
1998-01-01T00:00:00Z,4.06,Port of Crescent City
1999-01-01T00:00:00Z,3.47,Port of Crescent City
2000-01-01T00:00:00Z,3.76,Port of Crescent City
2001-01-01T00:00:00Z,5.46,Port of Crescent City
2002-01-01T00:00:00Z,4.76,Port of Crescent City
2003-01-01T00:00:00Z,1.81,Port of Crescent City
2004-01-01T00:00:00Z,1.81,Port of Crescent City
2005-01-01T00:00:00Z,3.25,Port of Crescent City
2006-01-01T00:00:00Z,1.5,Port of Crescent City
2007-01-01T00:00:00Z,2.19,Port of Crescent City
2008-01-01T00:00:00Z,3.93,Port of Crescent City
2009-01-01T00:00:00Z,2.33,Port of Crescent City
2010-01-01T00:00:00Z,2.83,Port of Crescent City
2011-01-01T00:00:00Z,3.5,Port of Crescent City
2012-01-01T00:00:00Z,1.58,Port of Crescent City
2013-01-01T00:00:00Z,1.59,Port of Crescent City
2014-01-01T00:00:00Z,2.63,Port of Crescent City
2015-01-01T00:00:00Z,2.96,Port of Crescent City
2016-01-01T00:00:00Z,1.62,Port of Crescent City
2017-01-01T00:00:00Z,3.34,Port of Crescent City
2018-01-01T00:00:00Z,1.93,Port of Crescent City
1981-01-01T00:00:00Z,5.58,Port of Eureka
1982-01-01T00:00:00Z,5.77,Port of Eureka
1983-01-01T00:00:00Z,4.98,Port of Eureka
1984-01-01T00:00:00Z,4.25,Port of Eureka
1985-01-01T00:00:00Z,4.7,Port of Eureka
1986-01-01T00:00:00Z,5.25,Port of Eureka
1987-01-01T00:00:00Z,5.11,Port of Eureka
1988-01-01T00:00:00Z,4.86,Port of Eureka
1989-01-01T00:00:00Z,5.03,Port of Eureka
1990-01-01T00:00:00Z,3.88,Port of Eureka
1991-01-01T00:00:00Z,4.84,Port of Eureka
1992-01-01T00:00:00Z,5.04,Port of Eureka
1993-01-01T00:00:00Z,4.22,Port of Eureka
1994-01-01T00:00:00Z,5.17,Port of Eureka
1995-01-01T00:00:00Z,4.65,Port of Eureka
1996-01-01T00:00:00Z,5.21,Port of Eureka
1997-01-01T00:00:00Z,5.17,Port of Eureka
1998-01-01T00:00:00Z,3.43,Port of Eureka
1999-01-01T00:00:00Z,3.75,Port of Eureka
2000-01-01T00:00:00Z,5.35,Port of Eureka
2001-01-01T00:00:00Z,6.19,Port of Eureka
2002-01-01T00:00:00Z,6.38,Port of Eureka
2003-01-01T00:00:00Z,2.96,Port of Eureka
2004-01-01T00:00:00Z,3.56,Port of Eureka
2005-01-01T00:00:00Z,5.09,Port of Eureka
2006-01-01T00:00:00Z,2.86,Port of Eureka
2007-01-01T00:00:00Z,4.34,Port of Eureka
2008-01-01T00:00:00Z,3.92,Port of Eureka
2009-01-01T00:00:00Z,2.62,Port of Eureka
2010-01-01T00:00:00Z,3.31,Port of Eureka
2011-01-01T00:00:00Z,4.13,Port of Eureka
2012-01-01T00:00:00Z,2.17,Port of Eureka
2013-01-01T00:00:00Z,2.57,Port of Eureka
2014-01-01T00:00:00Z,5.55,Port of Eureka
2015-01-01T00:00:00Z,4.5,Port of Eureka
2016-01-01T00:00:00Z,3.17,Port of Eureka
2017-01-01T00:00:00Z,3.89,Port of Eureka
2018-01-01T00:00:00Z,3.21,Port of Eureka
1981-01-01T00:00:00Z,4.44,Port of Fort Bragg
1982-01-01T00:00:00Z,3.3,Port of Fort Bragg
1983-01-01T00:00:00Z,4.01,Port of Fort Bragg
1984-01-01T00:00:00Z,4.02,Port of Fort Bragg
1985-01-01T00:00:00Z,3.64,Port of Fort Bragg
1986-01-01T00:00:00Z,4.12,Port of Fort Bragg
1987-01-01T00:00:00Z,4.59,Port of Fort Bragg
1988-01-01T00:00:00Z,3.84,Port of Fort Bragg
1989-01-01T00:00:00Z,4.99,Port of Fort Bragg
1990-01-01T00:00:00Z,5.76,Port of Fort Bragg
1991-01-01T00:00:00Z,4.8,Port of Fort Bragg
1992-01-01T00:00:00Z,4.05,Port of Fort Bragg
1993-01-01T00:00:00Z,5.08,Port of Fort Bragg
1994-01-01T00:00:00Z,5.45,Port of Fort Bragg
1995-01-01T00:00:00Z,4.56,Port of Fort Bragg
1996-01-01T00:00:00Z,4.92,Port of Fort Bragg
1997-01-01T00:00:00Z,5.12,Port of Fort Bragg
1998-01-01T00:00:00Z,4.85,Port of Fort Bragg
1999-01-01T00:00:00Z,5.2,Port of Fort Bragg
2000-01-01T00:00:00Z,5.31,Port of Fort Bragg
2001-01-01T00:00:00Z,5.22,Port of Fort Bragg
2002-01-01T00:00:00Z,4.52,Port of Fort Bragg
2003-01-01T00:00:00Z,2.9,Port of Fort Bragg
2004-01-01T00:00:00Z,3.69,Port of Fort Bragg
2005-01-01T00:00:00Z,3.49,Port of Fort Bragg
2006-01-01T00:00:00Z,4.14,Port of Fort Bragg
2007-01-01T00:00:00Z,4.81,Port of Fort Bragg
2008-01-01T00:00:00Z,3.91,Port of Fort Bragg
2009-01-01T00:00:00Z,3.49,Port of Fort Bragg
2010-01-01T00:00:00Z,4.28,Port of Fort Bragg
2011-01-01T00:00:00Z,4.64,Port of Fort Bragg
2012-01-01T00:00:00Z,4.29,Port of Fort Bragg
2013-01-01T00:00:00Z,4.29,Port of Fort Bragg
2014-01-01T00:00:00Z,4.54,Port of Fort Bragg
2015-01-01T00:00:00Z,4.62,Port of Fort Bragg
2016-01-01T00:00:00Z,4.39,Port of Fort Bragg
2017-01-01T00:00:00Z,3.69,Port of Fort Bragg
2018-01-01T00:00:00Z,3.77,Port of Fort Bragg
1981-01-01T00:00:00Z,5.57,Port of San Francisco
1982-01-01T00:00:00Z,4.09,Port of San Francisco
1983-01-01T00:00:00Z,2.87,Port of San Francisco
1984-01-01T00:00:00Z,6.42,Port of San Francisco
1985-01-01T00:00:00Z,4.2,Port of San Francisco
1986-01-01T00:00:00Z,5.09,Port of San Francisco
1987-01-01T00:00:00Z,5.03,Port of San Francisco
1988-01-01T00:00:00Z,5.74,Port of San Francisco
1989-01-01T00:00:00Z,5.72,Port of San Francisco
1990-01-01T00:00:00Z,3.72,Port of San Francisco
1991-01-01T00:00:00Z,3.69,Port of San Francisco
1992-01-01T00:00:00Z,3.24,Port of San Francisco
1993-01-01T00:00:00Z,5.73,Port of San Francisco
1994-01-01T00:00:00Z,6.13,Port of San Francisco
1995-01-01T00:00:00Z,4.72,Port of San Francisco
1996-01-01T00:00:00Z,4.43,Port of San Francisco
1997-01-01T00:00:00Z,4.26,Port of San Francisco
1998-01-01T00:00:00Z,7.88,Port of San Francisco
1999-01-01T00:00:00Z,7.36,Port of San Francisco
2000-01-01T00:00:00Z,6.03,Port of San Francisco
2001-01-01T00:00:00Z,6.61,Port of San Francisco
2002-01-01T00:00:00Z,4.57,Port of San Francisco
2003-01-01T00:00:00Z,6.46,Port of San Francisco
2004-01-01T00:00:00Z,4.43,Port of San Francisco
2005-01-01T00:00:00Z,3.84,Port of San Francisco
2006-01-01T00:00:00Z,3.59,Port of San Francisco
2007-01-01T00:00:00Z,4.8,Port of San Francisco
2008-01-01T00:00:00Z,3.56,Port of San Francisco
2009-01-01T00:00:00Z,4.94,Port of San Francisco
2010-01-01T00:00:00Z,2.28,Port of San Francisco
2011-01-01T00:00:00Z,2.91,Port of San Francisco
2012-01-01T00:00:00Z,3.29,Port of San Francisco
2013-01-01T00:00:00Z,4.36,Port of San Francisco
2014-01-01T00:00:00Z,3.64,Port of San Francisco
2015-01-01T00:00:00Z,6.11,Port of San Francisco
2016-01-01T00:00:00Z,3.15,Port of San Francisco
2017-01-01T00:00:00Z,4.35,Port of San Francisco
2018-01-01T00:00:00Z,5.3,Port of San Francisco
1981-01-01T00:00:00Z,4.71,Port of Moss Landing
1982-01-01T00:00:00Z,5.0,Port of Moss Landing
1983-01-01T00:00:00Z,4.88,Port of Moss Landing
1984-01-01T00:00:00Z,6.45,Port of Moss Landing
1985-01-01T00:00:00Z,6.59,Port of Moss Landing
1986-01-01T00:00:00Z,5.86,Port of Moss Landing
1987-01-01T00:00:00Z,5.91,Port of Moss Landing
1988-01-01T00:00:00Z,4.8,Port of Moss Landing
1989-01-01T00:00:00Z,4.91,Port of Moss Landing
1990-01-01T00:00:00Z,5.31,Port of Moss Landing
1991-01-01T00:00:00Z,6.17,Port of Moss Landing
1992-01-01T00:00:00Z,6.7,Port of Moss Landing
1993-01-01T00:00:00Z,6.84,Port of Moss Landing
1994-01-01T00:00:00Z,6.58,Port of Moss Landing
1995-01-01T00:00:00Z,5.95,Port of Moss Landing
1996-01-01T00:00:00Z,7.83,Port of Moss Landing
1997-01-01T00:00:00Z,7.78,Port of Moss Landing
1998-01-01T00:00:00Z,7.78,Port of Moss Landing
1999-01-01T00:00:00Z,7.03,Port of Moss Landing
2000-01-01T00:00:00Z,5.99,Port of Moss Landing
2001-01-01T00:00:00Z,6.21,Port of Moss Landing
2002-01-01T00:00:00Z,4.55,Port of Moss Landing
2003-01-01T00:00:00Z,4.07,Port of Moss Landing
2004-01-01T00:00:00Z,6.2,Port of Moss Landing
2005-01-01T00:00:00Z,7.15,Port of Moss Landing
2006-01-01T00:00:00Z,5.41,Port of Moss Landing
2007-01-01T00:00:00Z,3.6,Port of Moss Landing
2008-01-01T00:00:00Z,2.46,Port of Moss Landing
2009-01-01T00:00:00Z,3.69,Port of Moss Landing
2010-01-01T00:00:00Z,2.6,Port of Moss Landing
2011-01-01T00:00:00Z,4.69,Port of Moss Landing
2012-01-01T00:00:00Z,4.76,Port of Moss Landing
2013-01-01T00:00:00Z,4.45,Port of Moss Landing
2014-01-01T00:00:00Z,2.84,Port of Moss Landing
2015-01-01T00:00:00Z,4.31,Port of Moss Landing
2016-01-01T00:00:00Z,3.96,Port of Moss Landing
2017-01-01T00:00:00Z,4.88,Port of Moss Landing
2018-01-01T00:00:00Z,3.52,Port of Moss Landing
1981-01-01T00:00:00Z,5.39,Port of Santa Barbara
1982-01-01T00:00:00Z,6.32,Port of Santa Barbara
1983-01-01T00:00:00Z,5.67,Port of Santa Barbara
1984-01-01T00:00:00Z,5.44,Port of Santa Barbara
1985-01-01T00:00:00Z,4.88,Port of Santa Barbara
1986-01-01T00:00:00Z,4.76,Port of Santa Barbara
1987-01-01T00:00:00Z,5.48,Port of Santa Barbara
1988-01-01T00:00:00Z,4.85,Port of Santa Barbara
1989-01-01T00:00:00Z,4.26,Port of Santa Barbara
1990-01-01T00:00:00Z,3.33,Port of Santa Barbara
1991-01-01T00:00:00Z,2.6,Port of Santa Barbara
1992-01-01T00:00:00Z,2.65,Port of Santa Barbara
1993-01-01T00:00:00Z,2.63,Port of Santa Barbara
1994-01-01T00:00:00Z,2.99,Port of Santa Barbara
1995-01-01T00:00:00Z,3.86,Port of Santa Barbara
1996-01-01T00:00:00Z,4.83,Port of Santa Barbara
1997-01-01T00:00:00Z,4.81,Port of Santa Barbara
1998-01-01T00:00:00Z,5.39,Port of Santa Barbara
1999-01-01T00:00:00Z,4.24,Port of Santa Barbara
2000-01-01T00:00:00Z,5.61,Port of Santa Barbara
2001-01-01T00:00:00Z,5.61,Port of Santa Barbara
2002-01-01T00:00:00Z,5.65,Port of Santa Barbara
2003-01-01T00:00:00Z,4.86,Port of Santa Barbara
2004-01-01T00:00:00Z,4.25,Port of Santa Barbara
2005-01-01T00:00:00Z,4.12,Port of Santa Barbara
2006-01-01T00:00:00Z,4.51,Port of Santa Barbara
2007-01-01T00:00:00Z,4.91,Port of Santa Barbara
2008-01-01T00:00:00Z,5.04,Port of Santa Barbara
2009-01-01T00:00:00Z,5.14,Port of Santa Barbara
2010-01-01T00:00:00Z,5.8,Port of Santa Barbara
2011-01-01T00:00:00Z,5.16,Port of Santa Barbara
2012-01-01T00:00:00Z,5.06,Port of Santa Barbara
2013-01-01T00:00:00Z,4.89,Port of Santa Barbara
2014-01-01T00:00:00Z,4.77,Port of Santa Barbara
2015-01-01T00:00:00Z,5.37,Port of Santa Barbara
2016-01-01T00:00:00Z,5.33,Port of Santa Barbara
2017-01-01T00:00:00Z,5.52,Port of Santa Barbara
2018-01-01T00:00:00Z,5.36,Port of Santa Barbara
1981-01-01T00:00:00Z,4.2,Port of Ventura
1982-01-01T00:00:00Z,5.41,Port of Ventura
1983-01-01T00:00:00Z,4.93,Port of Ventura
1984-01-01T00:00:00Z,4.62,Port of Ventura
1985-01-01T00:00:00Z,4.96,Port of Ventura
1986-01-01T00:00:00Z,5.71,Port of Ventura
1987-01-01T00:00:00Z,6.65,Port of Ventura
1988-01-01T00:00:00Z,6.27,Port of Ventura
1989-01-01T00:00:00Z,5.16,Port of Ventura
1990-01-01T00:00:00Z,4.23,Port of Ventura
1991-01-01T00:00:00Z,4.81,Port of Ventura
1992-01-01T00:00:00Z,5.35,Port of Ventura
1993-01-01T00:00:00Z,7.75,Port of Ventura
1994-01-01T00:00:00Z,5.39,Port of Ventura
1995-01-01T00:00:00Z,6.7,Port of Ventura
1996-01-01T00:00:00Z,4.98,Port of Ventura
1997-01-01T00:00:00Z,5.86,Port of Ventura
1998-01-01T00:00:00Z,8.91,Port of Ventura
1999-01-01T00:00:00Z,3.32,Port of Ventura
2000-01-01T00:00:00Z,3.32,Port of Ventura
2001-01-01T00:00:00Z,5.68,Port of Ventura
2002-01-01T00:00:00Z,5.65,Port of Ventura
2003-01-01T00:00:00Z,3.91,Port of Ventura
2004-01-01T00:00:00Z,3.38,Port of Ventura
2005-01-01T00:00:00Z,2.8,Port of Ventura
2006-01-01T00:00:00Z,4.65,Port of Ventura
2007-01-01T00:00:00Z,2.49,Port of Ventura
2008-01-01T00:00:00Z,3.34,Port of Ventura
2009-01-01T00:00:00Z,2.02,Port of Ventura
2010-01-01T00:00:00Z,2.03,Port of Ventura
2011-01-01T00:00:00Z,2.27,Port of Ventura
2012-01-01T00:00:00Z,3.27,Port of Ventura
2013-01-01T00:00:00Z,1.9,Port of Ventura
2014-01-01T00:00:00Z,3.02,Port of Ventura
2015-01-01T00:00:00Z,4.88,Port of Ventura
2016-01-01T00:00:00Z,3.4,Port of Ventura
2017-01-01T00:00:00Z,2.02,Port of Ventura
2018-01-01T00:00:00Z,3.79,Port of Ventura
1981-01-01T00:00:00Z,8.18,Port of San Pedro
1982-01-01T00:00:00Z,7.35,Port of San Pedro
1983-01-01T00:00:00Z,7.66,Port of San Pedro
1984-01-01T00:00:00Z,5.62,Port of San Pedro
1985-01-01T00:00:00Z,5.93,Port of San Pedro
1986-01-01T00:00:00Z,7.79,Port of San Pedro
1987-01-01T00:00:00Z,6.89,Port of San Pedro
1988-01-01T00:00:00Z,6.88,Port of San Pedro
1989-01-01T00:00:00Z,7.17,Port of San Pedro
1990-01-01T00:00:00Z,6.89,Port of San Pedro
1991-01-01T00:00:00Z,7.15,Port of San Pedro
1992-01-01T00:00:00Z,5.46,Port of San Pedro
1993-01-01T00:00:00Z,6.21,Port of San Pedro
1994-01-01T00:00:00Z,5.51,Port of San Pedro
1995-01-01T00:00:00Z,4.72,Port of San Pedro
1996-01-01T00:00:00Z,5.18,Port of San Pedro
1997-01-01T00:00:00Z,5.18,Port of San Pedro
1998-01-01T00:00:00Z,4.18,Port of San Pedro
1999-01-01T00:00:00Z,5.07,Port of San Pedro
2000-01-01T00:00:00Z,4.79,Port of San Pedro
2001-01-01T00:00:00Z,4.49,Port of San Pedro
2002-01-01T00:00:00Z,4.75,Port of San Pedro
2003-01-01T00:00:00Z,5.56,Port of San Pedro
2004-01-01T00:00:00Z,5.93,Port of San Pedro
2005-01-01T00:00:00Z,2.6,Port of San Pedro
2006-01-01T00:00:00Z,2.36,Port of San Pedro
2007-01-01T00:00:00Z,3.66,Port of San Pedro
2008-01-01T00:00:00Z,3.1,Port of San Pedro
2009-01-01T00:00:00Z,2.19,Port of San Pedro
2010-01-01T00:00:00Z,1.82,Port of San Pedro
2011-01-01T00:00:00Z,1.88,Port of San Pedro
2012-01-01T00:00:00Z,1.79,Port of San Pedro
2013-01-01T00:00:00Z,2.12,Port of San Pedro
2014-01-01T00:00:00Z,3.93,Port of San Pedro
2015-01-01T00:00:00Z,5.15,Port of San Pedro
2016-01-01T00:00:00Z,5.09,Port of San Pedro
2017-01-01T00:00:00Z,4.47,Port of San Pedro
2018-01-01T00:00:00Z,5.55,Port of San Pedro
