time,NOI,SOIX,SOI
1948-01-16T12:00:00Z,0.971,-0.661,0.428
1948-02-15T12:00:00Z,4.704,-1.049,0.706
1948-03-16T12:00:00Z,-0.896,-0.171,-0.574
1948-04-16T00:00:00Z,-3.557,-2.321,-0.948
1948-05-16T12:00:00Z,-1.479,1.595,-1.545
1948-06-16T00:00:00Z,-2.252,2.707,-1.384
1948-07-16T12:00:00Z,-1.277,5.279,0.088
1948-08-16T12:00:00Z,0.961,4.747,0.439
1948-09-16T00:00:00Z,0.37,0.766,0.251
1948-10-16T12:00:00Z,-0.314,4.022,1.237
1948-11-16T00:00:00Z,5.021,1.615,1.309
1948-12-16T12:00:00Z,2.2,-0.229,0.217
1949-01-16T12:00:00Z,5.43,-0.54,-0.327
1949-02-15T00:00:00Z,4.361,2.449,1.278
1949-03-16T12:00:00Z,-1.439,2.763,2.794
1949-04-16T00:00:00Z,-0.154,-2.153,0.472
1949-05-16T12:00:00Z,-1.666,-0.917,-0.778
1949-06-16T00:00:00Z,-1.579,1.512,-0.168
1949-07-16T12:00:00Z,-0.048,0.479,-0.282
1949-08-16T12:00:00Z,0.707,1.21,0.185
1949-09-16T00:00:00Z,-0.233,2.222,0.87
1949-10-16T12:00:00Z,3.522,4.258,1.659
1949-11-16T00:00:00Z,-0.836,1.596,1.315
1949-12-16T12:00:00Z,4.214,2.676,2.73
1950-01-16T12:00:00Z,2.644,0.487,2.18
1950-02-15T00:00:00Z,2.077,2.625,3.668
1950-03-16T12:00:00Z,3.091,3.49,4.041
1950-04-16T00:00:00Z,1.923,4.775,2.817
1950-05-16T12:00:00Z,2.211,2.148,0.988
1950-06-16T00:00:00Z,1.014,-1.038,2.675
1950-07-16T12:00:00Z,-0.336,-4.12,1.761
1950-08-16T12:00:00Z,-0.236,2.985,1.312
1950-09-16T00:00:00Z,0.17,-2.276,1.142
1950-10-16T12:00:00Z,-2.54,2.237,2.618
1950-11-16T00:00:00Z,0.483,2.751,2.464
1950-12-16T12:00:00Z,-1.545,2.624,3.94
1951-01-16T12:00:00Z,2.702,1.936,2.919
1951-02-15T00:00:00Z,1.878,2.253,2.56
1951-03-16T12:00:00Z,3.103,-0.038,0.07
1951-04-16T00:00:00Z,-3.88,-1.921,-0.342
1951-05-16T12:00:00Z,-2.213,-6.895,-1.799
1951-06-16T00:00:00Z,-0.903,-0.866,-0.472
1951-07-16T12:00:00Z,-0.336,0.073,-0.804
1951-08-16T12:00:00Z,-0.872,-4.26,-0.833
1951-09-16T00:00:00Z,-1.36,-2.622,-0.443
1951-10-16T12:00:00Z,0.21,-3.705,-1.363
1951-11-16T00:00:00Z,-1.165,-0.107,0.242
1951-12-16T12:00:00Z,-0.464,-1.579,0.028
1952-01-16T12:00:00Z,-1.444,-0.091,-0.769
1952-02-15T12:00:00Z,2.156,0.284,-0.331
1952-03-16T12:00:00Z,1.739,-0.907,0.72
1952-04-16T00:00:00Z,-1.652,-3.464,-0.66
1952-05-16T12:00:00Z,0.535,3.195,0.458
1952-06-16T00:00:00Z,0.015,3.272,1.424
1952-07-16T12:00:00Z,-0.538,2.074,0.394
1952-08-16T12:00:00Z,1.034,1.829,-0.271
1952-09-16T00:00:00Z,0.375,-1.86,-0.28
1952-10-16T12:00:00Z,0.623,0.0,1.098
1952-11-16T00:00:00Z,1.179,0.197,0.537
1952-12-16T12:00:00Z,-2.297,-0.963,-1.066
1953-01-16T12:00:00Z,1.742,0.446,0.949
1953-02-15T00:00:00Z,7.614,-2.213,-0.865
1953-03-16T12:00:00Z,2.595,2.952,0.189
1953-04-16T00:00:00Z,-0.952,3.545,1.19
1953-05-16T12:00:00Z,-0.631,-1.212,-1.977
1953-06-16T00:00:00Z,1.682,2.922,0.065
1953-07-16T12:00:00Z,0.185,-1.238,0.28
1953-08-16T12:00:00Z,0.197,-5.335,-1.456
1953-09-16T00:00:00Z,-0.721,-4.287,-1.476
1953-10-16T12:00:00Z,1.669,2.469,0.342
1953-11-16T00:00:00Z,-0.853,1.759,0.237
1953-12-16T12:00:00Z,6.027,1.077,0.084
1954-01-16T12:00:00Z,0.5,3.771,1.289
1954-02-15T00:00:00Z,1.101,3.014,0.088
1954-03-16T12:00:00Z,-1.304,2.704,0.746
1954-04-16T00:00:00Z,0.761,4.939,1.312
1954-05-16T12:00:00Z,-1.173,6.231,0.825
1954-06-16T00:00:00Z,0.498,-5.626,0.094
1954-07-16T12:00:00Z,0.403,4.05,1.433
1954-08-16T12:00:00Z,1.899,-1.886,1.58
1954-09-16T00:00:00Z,1.242,6.343,0.994
1954-10-16T12:00:00Z,0.073,-1.053,-0.152
1954-11-16T00:00:00Z,-0.26,2.097,0.284
1954-12-16T12:00:00Z,0.95,3.894,2.423
1955-01-16T12:00:00Z,2.308,0.138,-0.773
1955-02-15T00:00:00Z,7.473,5.168,3.462
1955-03-16T12:00:00Z,4.596,2.798,0.697
1955-04-16T00:00:00Z,1.63,3.985,0.058
1955-05-16T12:00:00Z,3.862,0.398,1.881
1955-06-16T00:00:00Z,1.871,0.665,1.187
1955-07-16T12:00:00Z,1.333,6.469,2.241
1955-08-16T12:00:00Z,1.984,6.677,2.089
1955-09-16T00:00:00Z,1.979,3.724,2.317
1955-10-16T12:00:00Z,2.494,1.418,2.806
1955-11-16T00:00:00Z,3.016,0.405,2.42
1955-12-16T12:00:00Z,-3.548,2.509,2.594
1956-01-16T12:00:00Z,-2.127,4.916,2.76
1956-02-15T12:00:00Z,5.06,2.159,2.73
1956-03-16T12:00:00Z,5.19,2.906,1.775
1956-04-16T00:00:00Z,0.577,1.08,1.699
1956-05-16T12:00:00Z,1.273,8.661,1.839
1956-06-16T00:00:00Z,2.335,4.28,1.261
1956-07-16T12:00:00Z,2.644,1.576,1.873
1956-08-16T12:00:00Z,3.113,-1.92,1.283
1956-09-16T00:00:00Z,0.005,0.98,0.109
1956-10-16T12:00:00Z,3.178,1.801,2.411
1956-11-16T00:00:00Z,5.012,1.381,0.275
1956-12-16T12:00:00Z,6.564,1.856,1.528
1957-01-16T12:00:00Z,0.984,0.002,0.827
1957-02-15T00:00:00Z,-3.795,0.325,-0.443
1957-03-16T12:00:00Z,-0.274,-0.593,-0.438
1957-04-16T00:00:00Z,-0.869,0.204,0.017
1957-05-16T12:00:00Z,-4.281,-3.309,-1.101
1957-06-16T00:00:00Z,-0.776,-2.762,-0.344
1957-07-16T12:00:00Z,0.644,-4.997,-0.353
1957-08-16T12:00:00Z,1.251,-4.066,-1.667
1957-09-16T00:00:00Z,-3.812,-0.017,-2.191
1957-10-16T12:00:00Z,-3.018,-1.491,-1.121
1957-11-16T00:00:00Z,1.107,-5.155,-2.026
1957-12-16T12:00:00Z,-0.04,-0.03,-0.639
1958-01-16T12:00:00Z,-2.567,-1.757,-3.472
1958-02-15T00:00:00Z,-10.78,0.038,-2.369
1958-03-16T12:00:00Z,-5.996,-2.088,-0.931
1958-04-16T00:00:00Z,0.264,-1.738,-0.017
1958-05-16T12:00:00Z,-4.307,-4.258,-0.371
1958-06-16T00:00:00Z,-0.981,2.313,0.584
1958-07-16T12:00:00Z,-0.842,4.265,0.232
1958-08-16T12:00:00Z,1.02,0.802,1.308
1958-09-16T00:00:00Z,0.491,1.122,-0.788
1958-10-16T12:00:00Z,-0.189,1.034,-0.669
1958-11-16T00:00:00Z,1.675,1.331,-0.355
1958-12-16T12:00:00Z,-0.327,-1.24,-1.233
1959-01-16T12:00:00Z,-0.619,0.848,-1.786
1959-02-15T00:00:00Z,-2.56,0.157,-2.663
1959-03-16T12:00:00Z,5.528,1.858,0.64
1959-04-16T00:00:00Z,-1.337,2.245,-0.103
1959-05-16T12:00:00Z,1.44,3.09,-0.642
1959-06-16T00:00:00Z,-1.197,-3.037,-2.411
1959-07-16T12:00:00Z,-0.252,-5.051,-1.2
1959-08-16T12:00:00Z,-0.813,2.409,-1.54
1959-09-16T00:00:00Z,2.204,-0.299,0.835
1959-10-16T12:00:00Z,-0.219,2.6,0.49
1959-11-16T00:00:00Z,2.88,1.338,0.934
1959-12-16T12:00:00Z,1.261,3.663,0.853
1960-01-16T12:00:00Z,-0.874,-1.267,0.285
1960-02-15T12:00:00Z,1.975,-0.941,-0.45
1960-03-16T12:00:00Z,1.287,-2.744,0.623
1960-04-16T00:00:00Z,1.317,0.582,1.024
1960-05-16T12:00:00Z,1.021,1.076,0.025
1960-06-16T00:00:00Z,-0.535,2.215,-0.896
1960-07-16T12:00:00Z,0.222,0.688,-0.206
1960-08-16T12:00:00Z,1.076,1.884,-0.088
1960-09-16T00:00:00Z,2.479,2.901,0.289
1960-10-16T12:00:00Z,-0.015,1.693,-0.378
1960-11-16T00:00:00Z,-0.192,-0.481,0.554
1960-12-16T12:00:00Z,1.776,1.289,1.416
1961-01-16T12:00:00Z,-1.773,0.169,-0.052
1961-02-15T00:00:00Z,6.931,2.788,2.075
1961-03-16T12:00:00Z,-0.312,-2.103,-2.868
1961-04-16T00:00:00Z,2.374,3.518,1.75
1961-05-16T12:00:00Z,1.822,0.683,0.307
1961-06-16T00:00:00Z,0.045,-1.275,-0.129
1961-07-16T12:00:00Z,0.17,-2.01,-0.117
1961-08-16T12:00:00Z,1.561,2.914,0.474
1961-09-16T00:00:00Z,1.284,3.829,0.474
1961-10-16T12:00:00Z,2.588,1.292,-0.469
1961-11-16T00:00:00Z,-0.485,3.054,1.314
1961-12-16T12:00:00Z,3.942,3.977,3.262
1962-01-16T12:00:00Z,6.315,4.427,3.495
1962-02-15T00:00:00Z,-3.386,-0.058,0.088
1962-03-16T12:00:00Z,-0.668,-0.937,0.165
1962-04-16T00:00:00Z,2.794,0.211,1.057
1962-05-16T12:00:00Z,2.789,-1.555,1.67
1962-06-16T00:00:00Z,1.669,0.52,0.403
1962-07-16T12:00:00Z,2.331,0.845,-0.067
1962-08-16T12:00:00Z,0.312,0.882,0.298
1962-09-16T00:00:00Z,1.238,2.0,0.376
1962-10-16T12:00:00Z,0.218,3.411,1.373
1962-11-16T00:00:00Z,3.053,0.239,0.56
1962-12-16T12:00:00Z,-0.706,-2.105,0.375
1963-01-16T12:00:00Z,2.157,2.511,1.654
1963-02-15T00:00:00Z,-2.644,-0.611,-0.122
1963-03-16T12:00:00Z,1.515,2.102,0.944
1963-04-16T00:00:00Z,-0.751,-0.873,0.076
1963-05-16T12:00:00Z,0.777,0.848,-0.119
1963-06-16T00:00:00Z,0.473,-2.592,-1.758
1963-07-16T12:00:00Z,-1.075,3.792,-0.842
1963-08-16T12:00:00Z,1.157,-2.775,-1.067
1963-09-16T00:00:00Z,-3.54,1.948,-1.539
1963-10-16T12:00:00Z,-2.379,-0.4,-2.119
1963-11-16T00:00:00Z,-2.134,-2.21,-0.777
1963-12-16T12:00:00Z,-0.29,-0.736,-1.667
1964-01-16T12:00:00Z,4.083,-1.213,-0.38
1964-02-15T12:00:00Z,5.868,-0.596,0.076
1964-03-16T12:00:00Z,3.747,2.552,1.478
1964-04-16T00:00:00Z,4.372,2.975,1.687
1964-05-16T12:00:00Z,2.444,2.048,0.877
1964-06-16T00:00:00Z,0.674,1.135,1.561
1964-07-16T12:00:00Z,1.286,3.802,1.084
1964-08-16T12:00:00Z,0.695,2.729,2.316
1964-09-16T00:00:00Z,3.875,1.199,2.492
1964-10-16T12:00:00Z,-0.21,0.54,2.351
1964-11-16T00:00:00Z,1.038,-0.338,0.678
1964-12-16T12:00:00Z,-0.177,-1.039,-0.131
1965-01-16T12:00:00Z,1.544,0.946,-0.371
1965-02-15T00:00:00Z,4.769,-1.032,1.002
1965-03-16T12:00:00Z,0.574,0.256,1.108
1965-04-16T00:00:00Z,-3.427,-1.681,-0.949
1965-05-16T12:00:00Z,3.785,-0.033,-0.014
1965-06-16T00:00:00Z,-0.584,-6.001,-1.142
1965-07-16T12:00:00Z,-1.284,-3.264,-2.541
1965-08-16T12:00:00Z,-1.343,-2.343,-1.292
1965-09-16T00:00:00Z,-0.285,3.203,-1.772
1965-10-16T12:00:00Z,-0.635,3.068,-1.292
1965-11-16T00:00:00Z,-7.802,-1.576,-2.831
1965-12-16T12:00:00Z,-1.142,3.018,0.705
1966-01-16T12:00:00Z,-0.281,-0.366,-2.366
1966-02-15T00:00:00Z,0.768,0.933,-0.702
1966-03-16T12:00:00Z,0.258,1.542,-1.804
1966-04-16T00:00:00Z,-0.986,0.364,-0.814
1966-05-16T12:00:00Z,-1.6,1.663,-0.919
1966-06-16T00:00:00Z,-0.606,0.902,0.042
1966-07-16T12:00:00Z,-0.095,-0.668,-0.158
1966-08-16T12:00:00Z,0.336,0.868,0.187
1966-09-16T00:00:00Z,-0.847,0.474,-0.344
1966-10-16T12:00:00Z,1.222,2.018,-0.271
1966-11-16T00:00:00Z,-3.075,-0.061,0.105
1966-12-16T12:00:00Z,-0.58,1.028,-0.709
1967-01-16T12:00:00Z,2.648,2.146,3.041
1967-02-15T00:00:00Z,5.8,2.425,2.703
1967-03-16T12:00:00Z,-0.511,2.808,1.754
1967-04-16T00:00:00Z,-1.076,-0.919,-0.202
1967-05-16T12:00:00Z,2.152,-2.532,-0.392
1967-06-16T00:00:00Z,-0.708,4.776,0.998
1967-07-16T12:00:00Z,1.402,0.674,0.37
1967-08-16T12:00:00Z,-0.236,0.951,1.372
1967-09-16T00:00:00Z,-2.308,2.432,0.94
1967-10-16T12:00:00Z,0.855,-1.41,-0.291
1967-11-16T00:00:00Z,-3.208,-0.724,-0.61
1967-12-16T12:00:00Z,1.122,-1.278,-1.398
1968-01-16T12:00:00Z,1.88,4.108,-0.012
1968-02-15T12:00:00Z,-4.044,-0.54,0.294
1968-03-16T12:00:00Z,-0.36,5.499,-0.371
1968-04-16T00:00:00Z,3.323,0.389,-0.75
1968-05-16T12:00:00Z,0.848,3.237,1.348
1968-06-16T00:00:00Z,1.135,3.7,1.64
1968-07-16T12:00:00Z,1.551,-0.7,1.758
1968-08-16T12:00:00Z,0.229,-1.848,0.075
1968-09-16T00:00:00Z,0.184,-2.657,-0.527
1968-10-16T12:00:00Z,-0.473,0.631,-0.344
1968-11-16T00:00:00Z,-0.465,-2.034,-1.122
1968-12-16T12:00:00Z,-2.023,0.348,0.251
1969-01-16T12:00:00Z,-5.651,-1.702,-3.285
1969-02-15T00:00:00Z,-5.94,0.006,-2.06
1969-03-16T12:00:00Z,1.665,0.352,-0.095
1969-04-16T00:00:00Z,-1.301,0.364,-1.067
1969-05-16T12:00:00Z,-2.049,-4.534,-1.209
1969-06-16T00:00:00Z,-2.288,-0.207,-0.241
1969-07-16T12:00:00Z,0.632,-3.515,-1.174
1969-08-16T12:00:00Z,-0.834,-4.111,-0.652
1969-09-16T00:00:00Z,-0.444,-0.354,-1.623
1969-10-16T12:00:00Z,-1.483,-1.952,-1.791
1969-11-16T00:00:00Z,-1.27,2.166,-0.408
1969-12-16T12:00:00Z,-2.027,1.671,0.212
1970-01-16T12:00:00Z,-4.9,0.855,-2.246
1970-02-15T00:00:00Z,-3.812,0.619,-2.411
1970-03-16T12:00:00Z,1.829,-0.462,0.227
1970-04-16T00:00:00Z,4.095,-3.258,-0.4
1970-05-16T12:00:00Z,2.671,4.072,0.345
1970-06-16T00:00:00Z,-0.026,3.861,0.994
1970-07-16T12:00:00Z,-0.264,1.029,-0.558
1970-08-16T12:00:00Z,0.458,1.037,0.276
1970-09-16T00:00:00Z,2.211,0.236,1.543
1970-10-16T12:00:00Z,-0.142,0.734,1.007
1970-11-16T00:00:00Z,-3.005,4.253,1.952
1970-12-16T12:00:00Z,1.076,3.175,2.664
1971-01-16T12:00:00Z,5.065,3.58,0.285
1971-02-15T00:00:00Z,7.349,3.441,2.52
1971-03-16T12:00:00Z,3.831,3.292,2.956
1971-04-16T00:00:00Z,2.526,4.891,2.408
1971-05-16T12:00:00Z,2.057,0.541,1.142
1971-06-16T00:00:00Z,0.491,4.286,0.557
1971-07-16T12:00:00Z,1.12,0.733,0.342
1971-08-16T12:00:00Z,-0.426,5.471,2.151
1971-09-16T00:00:00Z,0.79,1.675,2.743
1971-10-16T12:00:00Z,3.652,1.363,2.659
1971-11-16T00:00:00Z,3.086,2.458,0.793
1971-12-16T12:00:00Z,2.493,1.988,-0.027
1972-01-16T12:00:00Z,4.455,-1.497,0.563
1972-02-15T12:00:00Z,1.071,-0.163,1.746
1972-03-16T12:00:00Z,1.899,0.813,0.237
1972-04-16T00:00:00Z,-0.093,-0.1,-0.468
1972-05-16T12:00:00Z,-1.278,-5.648,-1.592
1972-06-16T00:00:00Z,-1.258,-6.209,-1.463
1972-07-16T12:00:00Z,-1.687,1.756,-2.495
1972-08-16T12:00:00Z,-1.633,-2.729,-0.922
1972-09-16T00:00:00Z,-0.636,-0.161,-1.549
1972-10-16T12:00:00Z,-2.359,-0.274,-1.101
1972-11-16T00:00:00Z,-1.25,-1.834,-0.447
1972-12-16T12:00:00Z,-0.199,-2.352,-1.922
1973-01-16T12:00:00Z,-2.303,0.621,-0.205
1973-02-15T00:00:00Z,-8.273,-0.532,-2.611
1973-03-16T12:00:00Z,2.683,1.25,0.111
1973-04-16T00:00:00Z,3.538,0.756,-0.274
1973-05-16T12:00:00Z,0.334,1.246,-0.02
1973-06-16T00:00:00Z,1.967,3.761,1.219
1973-07-16T12:00:00Z,0.96,2.099,1.03
1973-08-16T12:00:00Z,2.283,4.5,2.053
1973-09-16T00:00:00Z,0.876,3.888,2.339
1973-10-16T12:00:00Z,1.554,2.982,1.681
1973-11-16T00:00:00Z,0.726,3.658,3.913
1973-12-16T12:00:00Z,0.595,3.442,2.939
1974-01-16T12:00:00Z,0.559,1.451,3.515
1974-02-15T00:00:00Z,5.932,3.214,2.802
1974-03-16T12:00:00Z,-1.769,3.355,2.819
1974-04-16T00:00:00Z,3.413,2.861,1.029
1974-05-16T12:00:00Z,2.223,-0.011,1.408
1974-06-16T00:00:00Z,0.209,1.546,0.747
1974-07-16T12:00:00Z,0.3,3.658,2.002
1974-08-16T12:00:00Z,0.76,2.139,1.281
1974-09-16T00:00:00Z,-0.324,1.426,2.286
1974-10-16T12:00:00Z,2.55,3.466,1.685
1974-11-16T00:00:00Z,1.337,3.914,0.01
1974-12-16T12:00:00Z,4.283,-0.58,-0.625
1975-01-16T12:00:00Z,4.746,0.357,-1.677
1975-02-15T00:00:00Z,-0.692,0.27,1.31
1975-03-16T12:00:00Z,-0.405,1.728,2.061
1975-04-16T00:00:00Z,3.509,0.817,1.648
1975-05-16T12:00:00Z,0.864,1.805,0.802
1975-06-16T00:00:00Z,1.393,-1.122,1.574
1975-07-16T12:00:00Z,0.624,1.789,3.203
1975-08-16T12:00:00Z,3.053,5.421,3.51
1975-09-16T00:00:00Z,2.615,5.258,3.873
1975-10-16T12:00:00Z,2.152,0.902,2.835
1975-11-16T00:00:00Z,3.264,2.734,2.392
1975-12-16T12:00:00Z,4.765,2.098,3.721
1976-01-16T12:00:00Z,5.938,0.719,2.375
1976-02-15T12:00:00Z,2.329,0.861,2.825
1976-03-16T12:00:00Z,4.956,2.733,2.025
1976-04-16T00:00:00Z,-1.774,0.442,0.103
1976-05-16T12:00:00Z,0.244,-4.195,0.456
1976-06-16T00:00:00Z,-0.621,-2.709,0.132
1976-07-16T12:00:00Z,-1.251,-4.286,-1.279
1976-08-16T12:00:00Z,-0.652,1.535,-1.099
1976-09-16T00:00:00Z,-1.777,-0.639,-2.011
1976-10-16T12:00:00Z,0.778,-6.171,0.413
1976-11-16T00:00:00Z,0.032,-0.979,1.166
1976-12-16T12:00:00Z,0.625,-4.029,-0.645
1977-01-16T12:00:00Z,0.306,-2.625,-0.879
1977-02-15T00:00:00Z,4.662,0.856,1.778
1977-03-16T12:00:00Z,4.331,-1.277,-1.652
1977-04-16T00:00:00Z,0.704,-0.532,-0.524
1977-05-16T12:00:00Z,-1.105,-1.531,-1.032
1977-06-16T00:00:00Z,0.206,-0.534,-1.092
1977-07-16T12:00:00Z,1.129,4.784,-1.254
1977-08-16T12:00:00Z,-2.196,2.082,-1.155
1977-09-16T00:00:00Z,-1.922,-1.683,-1.225
1977-10-16T12:00:00Z,-0.705,-3.567,-1.637
1977-11-16T00:00:00Z,0.418,-1.35,-1.948
1977-12-16T12:00:00Z,-6.57,-3.277,-2.277
1978-01-16T12:00:00Z,-7.837,-0.886,0.012
1978-02-15T00:00:00Z,-6.265,-4.333,-5.384
1978-03-16T12:00:00Z,-5.78,0.854,0.329
1978-04-16T00:00:00Z,-2.177,-0.409,-0.362
1978-05-16T12:00:00Z,3.151,3.261,2.248
1978-06-16T00:00:00Z,2.891,1.343,0.852
1978-07-16T12:00:00Z,2.047,-1.31,1.02
1978-08-16T12:00:00Z,1.42,5.786,0.597
1978-09-16T00:00:00Z,1.318,-0.234,0.661
1978-10-16T12:00:00Z,0.83,-4.33,-0.408
1978-11-16T00:00:00Z,0.99,-4.353,-0.26
1978-12-16T12:00:00Z,1.565,0.058,-0.617
1979-01-16T12:00:00Z,-3.011,-4.028,-1.954
1979-02-15T00:00:00Z,0.203,-0.778,1.195
1979-03-16T12:00:00Z,-2.036,-1.839,-0.789
1979-04-16T00:00:00Z,-0.973,-4.097,-0.711
1979-05-16T12:00:00Z,-0.271,-1.306,0.619
1979-06-16T00:00:00Z,2.218,2.79,1.078
1979-07-16T12:00:00Z,-2.333,-7.052,-1.321
1979-08-16T12:00:00Z,-1.179,-5.479,-0.964
1979-09-16T00:00:00Z,-1.069,-0.087,0.257
1979-10-16T12:00:00Z,-3.067,0.721,-0.375
1979-11-16T00:00:00Z,-1.94,-5.731,-0.953
1979-12-16T12:00:00Z,-3.921,-3.584,-1.903
1980-01-16T12:00:00Z,-5.111,-0.516,0.15
1980-02-15T12:00:00Z,-8.808,-1.98,-0.552
1980-03-16T12:00:00Z,1.918,-2.853,-2.12
1980-04-16T00:00:00Z,-0.811,-2.391,-1.829
1980-05-16T12:00:00Z,0.384,-0.892,-0.686
1980-06-16T00:00:00Z,1.308,-1.623,-0.776
1980-07-16T12:00:00Z,-0.727,-0.498,-0.452
1980-08-16T12:00:00Z,-0.748,-1.347,0.368
1980-09-16T00:00:00Z,-1.227,-0.637,-0.498
1980-10-16T12:00:00Z,0.112,0.849,-0.487
1980-11-16T00:00:00Z,2.172,-0.714,-0.744
1980-12-16T12:00:00Z,-1.494,-1.294,-0.616
1981-01-16T12:00:00Z,-5.093,0.883,-0.491
1981-02-15T00:00:00Z,-0.531,0.138,-1.055
1981-03-16T12:00:00Z,-2.467,-4.348,-3.413
1981-04-16T00:00:00Z,1.342,-2.592,-0.693
1981-05-16T12:00:00Z,0.728,-1.601,0.889
1981-06-16T00:00:00Z,0.875,1.375,1.162
1981-07-16T12:00:00Z,1.091,1.297,1.619
1981-08-16T12:00:00Z,-0.833,1.144,0.601
1981-09-16T00:00:00Z,1.382,0.499,1.142
1981-10-16T12:00:00Z,-0.931,-1.12,-0.484
1981-11-16T00:00:00Z,-2.93,3.301,0.395
1981-12-16T12:00:00Z,-1.241,0.642,0.482
1982-01-16T12:00:00Z,1.537,-1.878,1.299
1982-02-15T00:00:00Z,-0.756,1.084,-0.252
1982-03-16T12:00:00Z,-4.487,0.957,0.244
1982-04-16T00:00:00Z,-2.286,-1.997,-0.47
1982-05-16T12:00:00Z,-0.294,-1.416,-0.764
1982-06-16T00:00:00Z,-3.193,-1.512,-2.255
1982-07-16T12:00:00Z,-0.65,-4.233,-2.393
1982-08-16T12:00:00Z,-0.735,-4.315,-3.137
1982-09-16T00:00:00Z,-1.199,-7.203,-2.935
1982-10-16T12:00:00Z,-2.823,-2.902,-3.07
1982-11-16T00:00:00Z,-5.642,-4.51,-4.211
1982-12-16T12:00:00Z,-3.853,-3.355,-4.002
1983-01-16T12:00:00Z,-8.412,-6.276,-6.361
1983-02-15T00:00:00Z,-12.164,-5.765,-6.898
1983-03-16T12:00:00Z,-11.386,-4.554,-4.976
1983-04-16T00:00:00Z,-5.171,-0.71,-1.632
1983-05-16T12:00:00Z,-0.328,0.308,0.661
1983-06-16T00:00:00Z,0.351,-0.096,-0.162
1983-07-16T12:00:00Z,0.501,0.929,-0.183
1983-08-16T12:00:00Z,-0.987,-1.582,0.084
1983-09-16T00:00:00Z,-0.596,1.822,1.818
1983-10-16T12:00:00Z,-0.867,-1.099,0.939
1983-11-16T00:00:00Z,-3.758,0.163,-0.357
1983-12-16T12:00:00Z,-4.06,-1.893,-0.382
1984-01-16T12:00:00Z,4.257,-1.721,0.233
1984-02-15T12:00:00Z,2.994,0.088,0.758
1984-03-16T12:00:00Z,1.301,-1.262,-1.158
1984-04-16T00:00:00Z,1.688,0.422,0.648
1984-05-16T12:00:00Z,1.318,4.056,0.239
1984-06-16T00:00:00Z,1.482,0.489,-0.054
1984-07-16T12:00:00Z,-1.165,-1.094,1.032
1984-08-16T12:00:00Z,1.063,3.346,0.909
1984-09-16T00:00:00Z,0.632,-4.166,0.883
1984-10-16T12:00:00Z,1.62,-0.84,-0.328
1984-11-16T00:00:00Z,-2.479,2.203,0.426
1984-12-16T12:00:00Z,-0.324,2.575,-0.575
1985-01-16T12:00:00Z,0.568,-1.545,-0.72
1985-02-15T00:00:00Z,6.114,1.903,2.545
1985-03-16T12:00:00Z,4.007,2.287,0.095
1985-04-16T00:00:00Z,1.571,3.955,1.216
1985-05-16T12:00:00Z,0.973,2.258,0.536
1985-06-16T00:00:00Z,-1.07,-4.88,-0.73
1985-07-16T12:00:00Z,-1.102,-0.143,-0.189
1985-08-16T12:00:00Z,0.5,4.451,1.382
1985-09-16T00:00:00Z,0.845,-0.598,0.132
1985-10-16T12:00:00Z,0.881,-3.093,-0.617
1985-11-16T00:00:00Z,-0.695,-0.093,-0.337
1985-12-16T12:00:00Z,-0.512,1.319,0.06
1986-01-16T12:00:00Z,-3.013,1.978,1.232
1986-02-15T00:00:00Z,-5.392,-1.411,-2.646
1986-03-16T12:00:00Z,-2.448,1.331,0.85
1986-04-16T00:00:00Z,2.399,-0.52,0.616
1986-05-16T12:00:00Z,-1.489,-2.309,-0.52
1986-06-16T00:00:00Z,-0.069,1.739,1.54
1986-07-16T12:00:00Z,2.059,-4.011,0.744
1986-08-16T12:00:00Z,0.026,-4.649,-1.039
1986-09-16T00:00:00Z,0.221,-1.562,-0.814
1986-10-16T12:00:00Z,-1.131,-2.206,0.879
1986-11-16T00:00:00Z,2.169,-0.389,-2.117
1986-12-16T12:00:00Z,-3.139,-2.22,-2.659
1987-01-16T12:00:00Z,0.291,-0.356,-1.597
1987-02-15T00:00:00Z,-1.99,-4.451,-3.0
1987-03-16T12:00:00Z,-5.518,-5.732,-2.566
1987-04-16T00:00:00Z,-2.083,-1.313,-2.531
1987-05-16T12:00:00Z,-1.592,2.176,-2.198
1987-06-16T00:00:00Z,-1.093,-0.992,-2.401
1987-07-16T12:00:00Z,-3.163,-7.693,-2.484
1987-08-16T12:00:00Z,-2.171,-5.85,-1.724
1987-09-16T00:00:00Z,0.139,-4.32,-1.949
1987-10-16T12:00:00Z,-3.03,-2.712,-0.598
1987-11-16T00:00:00Z,0.566,-0.294,-0.229
1987-12-16T12:00:00Z,-0.861,-0.625,-1.09
1988-01-16T12:00:00Z,0.3,-0.005,0.658
1988-02-15T12:00:00Z,2.771,-2.141,-0.675
1988-03-16T12:00:00Z,7.241,0.036,0.789
1988-04-16T00:00:00Z,-3.226,-0.022,0.033
1988-05-16T12:00:00Z,1.243,1.411,1.733
1988-06-16T00:00:00Z,-0.313,2.327,0.58
1988-07-16T12:00:00Z,0.16,1.813,1.814
1988-08-16T12:00:00Z,-1.83,-0.145,2.625
1988-09-16T00:00:00Z,2.047,6.078,3.489
1988-10-16T12:00:00Z,0.531,4.112,2.492
1988-11-16T00:00:00Z,2.418,2.719,2.946
1988-12-16T12:00:00Z,4.167,1.606,1.975
1989-01-16T12:00:00Z,8.678,0.774,3.373
1989-02-15T00:00:00Z,3.283,-1.568,2.274
1989-03-16T12:00:00Z,-1.981,0.568,1.765
1989-04-16T00:00:00Z,-0.508,3.294,2.886
1989-05-16T12:00:00Z,2.382,1.478,1.862
1989-06-16T00:00:00Z,-1.819,-0.746,1.257
1989-07-16T12:00:00Z,3.336,0.116,1.126
1989-08-16T12:00:00Z,0.247,0.09,-0.615
1989-09-16T00:00:00Z,-0.731,0.958,0.754
1989-10-16T12:00:00Z,0.908,1.244,1.019
1989-11-16T00:00:00Z,0.928,-2.591,-0.661
1989-12-16T12:00:00Z,0.474,-4.133,-0.889
1990-01-16T12:00:00Z,2.57,-1.285,0.477
1990-02-15T00:00:00Z,1.408,-5.409,-3.274
1990-03-16T12:00:00Z,0.761,-0.089,-1.268
1990-04-16T00:00:00Z,-1.402,-1.111,0.263
1990-05-16T12:00:00Z,-1.015,2.403,1.891
1990-06-16T00:00:00Z,0.407,1.029,0.065
1990-07-16T12:00:00Z,-1.779,3.1,0.49
1990-08-16T12:00:00Z,-1.279,-3.31,-0.752
1990-09-16T00:00:00Z,-0.368,-2.42,-1.322
1990-10-16T12:00:00Z,0.942,1.92,-0.228
1990-11-16T00:00:00Z,3.355,1.043,-0.561
1990-12-16T12:00:00Z,3.352,-1.006,-0.416
1991-01-16T12:00:00Z,1.973,-1.007,1.088
1991-02-15T00:00:00Z,-1.423,0.306,-0.166
1991-03-16T12:00:00Z,-4.147,-3.769,-1.638
1991-04-16T00:00:00Z,1.941,-1.767,-1.158
1991-05-16T12:00:00Z,1.095,-6.077,-2.133
1991-06-16T00:00:00Z,-0.023,-3.068,-0.784
1991-07-16T12:00:00Z,-0.747,1.312,-0.459
1991-08-16T12:00:00Z,-0.86,0.508,-1.099
1991-09-16T00:00:00Z,-1.395,-4.077,-3.027
1991-10-16T12:00:00Z,-0.972,-1.994,-2.361
1991-11-16T00:00:00Z,1.876,-4.117,-1.208
1991-12-16T12:00:00Z,-3.824,-3.343,-3.277
1992-01-16T12:00:00Z,-4.153,-5.653,-4.818
1992-02-15T12:00:00Z,-8.402,-2.489,-1.651
1992-03-16T12:00:00Z,-8.343,-6.568,-4.02
1992-04-16T00:00:00Z,-3.277,-1.529,-1.54
1992-05-16T12:00:00Z,-2.12,-1.916,0.111
1992-06-16T00:00:00Z,-2.053,0.443,-1.342
1992-07-16T12:00:00Z,-2.161,1.414,-0.835
1992-08-16T12:00:00Z,0.417,-1.375,-0.084
1992-09-16T00:00:00Z,0.281,0.556,-0.024
1992-10-16T12:00:00Z,-2.741,-0.448,-2.302
1992-11-16T00:00:00Z,0.899,-4.675,-1.665
1992-12-16T12:00:00Z,-0.86,-4.509,-1.935
1993-01-16T12:00:00Z,-6.047,-3.584,-2.368
1993-02-15T00:00:00Z,-7.894,-2.939,-2.764
1993-03-16T12:00:00Z,-2.469,-5.718,-0.626
1993-04-16T00:00:00Z,-0.714,-3.413,-1.853
1993-05-16T12:00:00Z,-7.225,0.722,-0.611
1993-06-16T00:00:00Z,-1.215,-4.642,-1.508
1993-07-16T12:00:00Z,-0.212,2.152,-1.56
1993-08-16T12:00:00Z,-2.359,-3.742,-2.059
1993-09-16T00:00:00Z,-0.408,-3.374,-1.412
1993-10-16T12:00:00Z,-3.037,-4.13,-2.597
1993-11-16T00:00:00Z,-0.252,0.315,0.147
1993-12-16T12:00:00Z,0.24,0.645,0.414
1994-01-16T12:00:00Z,1.699,-1.087,-0.197
1994-02-15T00:00:00Z,-1.061,1.644,0.602
1994-03-16T12:00:00Z,-1.0,-4.667,-1.352
1994-04-16T00:00:00Z,-0.003,-3.993,-1.92
1994-05-16T12:00:00Z,-0.914,-1.703,-1.328
1994-06-16T00:00:00Z,1.0,0.807,-0.854
1994-07-16T12:00:00Z,-0.782,-1.234,-2.099
1994-08-16T12:00:00Z,-0.926,1.188,-2.371
1994-09-16T00:00:00Z,-1.407,-8.9,-3.026
1994-10-16T12:00:00Z,-1.6,-3.386,-2.249
1994-11-16T00:00:00Z,1.356,-0.798,-0.974
1994-12-16T12:00:00Z,-2.533,-3.488,-1.975
1995-01-16T12:00:00Z,-11.749,-0.508,-0.843
1995-02-15T00:00:00Z,-2.736,-2.179,-0.221
1995-03-16T12:00:00Z,-4.533,0.093,0.875
1995-04-16T00:00:00Z,-0.973,-1.557,-1.331
1995-05-16T12:00:00Z,-1.434,-1.156,-0.768
1995-06-16T00:00:00Z,-0.292,-0.908,0.129
1995-07-16T12:00:00Z,-1.075,1.822,0.527
1995-08-16T12:00:00Z,-1.785,-0.387,0.14
1995-09-16T00:00:00Z,-0.161,0.476,-0.089
1995-10-16T12:00:00Z,1.311,-1.461,-0.23
1995-11-16T00:00:00Z,0.83,1.762,0.191
1995-12-16T12:00:00Z,-1.399,-1.455,-1.431
1996-01-16T12:00:00Z,1.09,3.14,1.947
1996-02-15T12:00:00Z,-3.874,2.424,0.216
1996-03-16T12:00:00Z,-1.118,1.891,1.619
1996-04-16T00:00:00Z,0.299,3.19,1.495
1996-05-16T12:00:00Z,-1.566,0.214,0.481
1996-06-16T00:00:00Z,1.471,-1.181,1.613
1996-07-16T12:00:00Z,0.022,-2.511,0.576
1996-08-16T12:00:00Z,0.936,0.544,0.505
1996-09-16T00:00:00Z,1.729,3.08,0.777
1996-10-16T12:00:00Z,2.151,1.739,0.373
1996-11-16T00:00:00Z,1.419,-0.238,-0.297
1996-12-16T12:00:00Z,-1.733,3.164,1.232
1997-01-16T12:00:00Z,-2.977,0.846,0.914
1997-02-15T00:00:00Z,6.571,1.71,2.263
1997-03-16T12:00:00Z,2.004,-3.052,-2.085
1997-04-16T00:00:00Z,-0.95,-3.424,-1.958
1997-05-16T12:00:00Z,-4.599,-5.819,-3.118
1997-06-16T00:00:00Z,-2.225,-3.09,-3.067
1997-07-16T12:00:00Z,-0.972,-4.241,-1.735
1997-08-16T12:00:00Z,-3.764,-6.677,-3.511
1997-09-16T00:00:00Z,-4.213,-4.662,-2.92
1997-10-16T12:00:00Z,-1.741,-2.784,-3.037
1997-11-16T00:00:00Z,-8.608,-3.1,-2.463
1997-12-16T12:00:00Z,-2.092,-1.821,-1.675
1998-01-16T12:00:00Z,-8.112,-1.754,-5.079
1998-02-15T00:00:00Z,-10.934,-3.23,-3.62
1998-03-16T12:00:00Z,-3.578,-1.606,-4.88
1998-04-16T00:00:00Z,-0.944,-1.92,-2.341
1998-05-16T12:00:00Z,-2.547,-2.291,0.083
1998-06-16T00:00:00Z,1.351,1.511,1.349
1998-07-16T12:00:00Z,0.856,4.196,2.05
1998-08-16T12:00:00Z,1.58,4.898,1.607
1998-09-16T00:00:00Z,-1.561,1.389,1.623
1998-10-16T12:00:00Z,1.96,3.558,1.396
1998-11-16T00:00:00Z,0.938,3.075,1.452
1998-12-16T12:00:00Z,8.101,3.9,2.286
1999-01-16T12:00:00Z,4.302,3.285,3.309
1999-02-15T00:00:00Z,3.174,0.818,1.441
1999-03-16T12:00:00Z,0.822,2.875,2.2
1999-04-16T00:00:00Z,4.186,1.49,2.382
1999-05-16T12:00:00Z,2.295,-0.398,0.319
1999-06-16T00:00:00Z,0.057,-2.191,0.01
1999-07-16T12:00:00Z,-0.469,2.827,0.5
1999-08-16T12:00:00Z,-1.651,-5.488,0.005
1999-09-16T00:00:00Z,-1.65,-1.059,-0.192
1999-10-16T12:00:00Z,0.012,1.141,1.402
1999-11-16T00:00:00Z,-2.029,0.506,1.844
1999-12-16T12:00:00Z,6.942,0.818,2.769
2000-01-16T12:00:00Z,0.929,0.309,1.598
2000-02-15T12:00:00Z,-4.992,0.557,3.271
2000-03-16T12:00:00Z,3.324,1.999,2.178
2000-04-16T00:00:00Z,-0.614,2.282,2.385
2000-05-16T12:00:00Z,-0.812,2.827,0.77
2000-06-16T00:00:00Z,-1.944,0.011,-0.542
2000-07-16T12:00:00Z,1.526,3.744,-0.868
2000-08-16T12:00:00Z,0.997,-3.716,0.277
2000-09-16T00:00:00Z,-0.59,-1.893,1.46
2000-10-16T12:00:00Z,1.53,-0.537,1.362
2000-11-16T00:00:00Z,4.215,0.149,3.096
2000-12-16T12:00:00Z,1.912,3.065,0.888
2001-01-16T12:00:00Z,1.31,0.261,2.568
2001-02-15T00:00:00Z,2.012,2.445,2.615
2001-03-16T12:00:00Z,0.852,1.048,1.576
2001-04-16T00:00:00Z,2.209,3.182,0.525
2001-05-16T12:00:00Z,-0.607,2.124,-0.945
2001-06-16T00:00:00Z,1.43,4.324,0.273
2001-07-16T12:00:00Z,0.528,-4.934,-0.665
2001-08-16T12:00:00Z,-0.027,-1.024,-1.494
2001-09-16T00:00:00Z,-0.81,3.216,-0.136
2001-10-16T12:00:00Z,0.735,-2.276,-0.576
2001-11-16T00:00:00Z,-2.977,3.159,1.303
2001-12-16T12:00:00Z,-0.805,0.787,-2.033
2002-01-16T12:00:00Z,2.848,1.53,0.951
2002-02-15T00:00:00Z,2.942,-0.123,1.088
2002-03-16T12:00:00Z,1.664,-2.366,-0.3
2002-04-16T00:00:00Z,0.226,3.864,0.008
2002-05-16T12:00:00Z,-0.127,-4.108,-1.822
2002-06-16T00:00:00Z,0.495,2.4,-0.623
2002-07-16T12:00:00Z,-1.938,0.698,-1.232
2002-08-16T12:00:00Z,-0.31,-2.739,-2.541
2002-09-16T00:00:00Z,-2.718,-1.615,-1.472
2002-10-16T12:00:00Z,-0.016,-2.666,-1.575
2002-11-16T00:00:00Z,-1.922,0.62,-0.958
2002-12-16T12:00:00Z,-5.861,-0.813,-2.064
2003-01-16T12:00:00Z,-2.517,1.496,-0.802
2003-02-15T00:00:00Z,-0.073,1.326,-1.566
2003-03-16T12:00:00Z,-0.57,-2.074,-1.322
2003-04-16T00:00:00Z,-2.628,0.155,-0.659
2003-05-16T12:00:00Z,-0.762,1.207,-1.029
2003-06-16T00:00:00Z,-2.216,-6.293,-2.113
2003-07-16T12:00:00Z,0.286,2.361,-0.174
2003-08-16T12:00:00Z,0.091,-1.225,-0.876
2003-09-16T00:00:00Z,-1.554,-2.416,-1.051
2003-10-16T12:00:00Z,0.415,-1.647,-0.436
2003-11-16T00:00:00Z,-0.763,-2.367,-0.08
2003-12-16T12:00:00Z,-1.635,5.034,1.907
2004-01-16T12:00:00Z,-0.554,0.266,-2.297
2004-02-15T12:00:00Z,-0.219,-0.2,2.371
2004-03-16T12:00:00Z,5.006,-0.148,0.742
2004-04-16T00:00:00Z,0.078,1.667,-1.254
2004-05-16T12:00:00Z,1.529,1.994,2.062
2004-06-16T00:00:00Z,0.547,1.569,-0.939
2004-07-16T12:00:00Z,-1.063,0.512,-0.382
2004-08-16T12:00:00Z,-0.765,1.752,-1.122
2004-09-16T00:00:00Z,0.674,-0.602,-0.448
2004-10-16T12:00:00Z,-2.109,2.921,-0.289
2004-11-16T00:00:00Z,4.444,-0.925,-0.791
2004-12-16T12:00:00Z,0.037,0.381,-1.327
2005-01-16T12:00:00Z,-2.242,3.348,1.243
2005-02-15T00:00:00Z,-5.398,-3.55,-5.429
2005-03-16T12:00:00Z,-0.003,1.273,1.143
2005-04-16T00:00:00Z,0.287,-0.996,-0.765
2005-05-16T12:00:00Z,-2.468,2.289,-0.647
2005-06-16T00:00:00Z,1.027,-4.678,0.756
2005-07-16T12:00:00Z,-0.195,0.76,0.368
2005-08-16T12:00:00Z,-0.756,-2.913,-0.711
2005-09-16T00:00:00Z,3.341,3.639,0.914
2005-10-16T12:00:00Z,2.172,4.975,2.142
2005-11-16T00:00:00Z,3.332,0.8,0.029
2005-12-16T12:00:00Z,-1.886,0.24,0.66
2006-01-16T12:00:00Z,4.121,0.993,3.1
2006-02-15T00:00:00Z,2.257,-1.217,1.166
2006-03-16T12:00:00Z,-0.108,3.447,3.08
2006-04-16T00:00:00Z,-0.886,3.05,2.178
2006-05-16T12:00:00Z,-0.66,-3.126,-0.222
2006-06-16T00:00:00Z,-0.154,-2.784,-0.198
2006-07-16T12:00:00Z,-0.913,-3.672,-0.987
2006-08-16T12:00:00Z,-0.472,-3.29,-1.659
2006-09-16T00:00:00Z,0.579,-2.649,-0.813
2006-10-16T12:00:00Z,-1.142,-1.43,-2.11
2006-11-16T00:00:00Z,0.905,0.8,0.818
2006-12-16T12:00:00Z,2.745,0.347,0.187
2007-01-16T12:00:00Z,8.058,0.358,-1.23
2007-02-15T00:00:00Z,2.207,0.921,0.385
2007-03-16T12:00:00Z,5.106,2.827,0.799
2007-04-16T00:00:00Z,1.956,1.243,0.583
2007-05-16T12:00:00Z,2.032,5.499,0.397
2007-06-16T00:00:00Z,3.25,2.691,1.479
2007-07-16T12:00:00Z,-1.612,4.356,-0.023
2007-08-16T12:00:00Z,-1.554,7.922,0.683
2007-09-16T00:00:00Z,1.379,4.116,0.284
2007-10-16T12:00:00Z,2.134,0.766,1.489
2007-11-16T00:00:00Z,3.971,4.142,2.175
2007-12-16T12:00:00Z,7.032,5.381,3.709
2008-01-16T12:00:00Z,1.343,0.848,3.818
2008-02-15T12:00:00Z,5.692,0.894,4.672
2008-03-16T12:00:00Z,8.118,0.705,3.459
2008-04-16T00:00:00Z,4.419,0.21,1.529
2008-05-16T12:00:00Z,0.569,-4.853,-0.182
2008-06-16T00:00:00Z,1.47,3.555,1.273
2008-07-16T12:00:00Z,-1.584,-3.871,0.629
2008-08-16T12:00:00Z,-1.437,-0.751,1.972
2008-09-16T00:00:00Z,-0.095,0.716,2.684
2008-10-16T12:00:00Z,2.203,4.731,2.685
2008-11-16T00:00:00Z,2.515,2.602,2.841
2008-12-16T12:00:00Z,4.223,3.969,3.155
2009-01-16T12:00:00Z,6.754,3.183,2.336
2009-02-15T00:00:00Z,-1.159,3.656,3.704
2009-03-16T12:00:00Z,4.57,1.062,1.353
2009-04-16T00:00:00Z,3.125,1.374,1.895
2009-05-16T12:00:00Z,1.11,1.81,-0.371
2009-06-16T00:00:00Z,-2.38,-5.617,-0.234
2009-07-16T12:00:00Z,0.195,4.551,0.331
2009-08-16T12:00:00Z,-0.257,-2.584,-0.411
2009-09-16T00:00:00Z,1.42,4.919,0.467
2009-10-16T12:00:00Z,-0.416,-3.404,-2.576
2009-11-16T00:00:00Z,1.02,0.066,-1.668
2009-12-16T12:00:00Z,-3.436,-0.545,-1.968
2010-01-16T12:00:00Z,-8.052,2.314,-2.746
2010-02-15T00:00:00Z,-6.329,-1.43,-3.989
2010-03-16T12:00:00Z,-0.178,-2.029,-2.228
2010-04-16T00:00:00Z,-1.751,2.934,1.509
2010-05-16T12:00:00Z,3.498,6.127,1.736
2010-06-16T00:00:00Z,2.772,5.578,1.195
2010-07-16T12:00:00Z,-0.044,8.65,3.594
2010-08-16T12:00:00Z,0.429,0.541,3.053
2010-09-16T00:00:00Z,1.166,2.743,4.873
2010-10-16T12:00:00Z,1.905,3.978,3.527
2010-11-16T00:00:00Z,4.024,4.115,2.712
2010-12-16T12:00:00Z,-2.89,6.03,5.355
2011-01-16T12:00:00Z,5.233,3.852,4.824
2011-02-15T00:00:00Z,4.645,2.005,4.696
2011-03-16T12:00:00Z,0.887,3.496,4.371
2011-04-16T00:00:00Z,3.593,4.088,3.654
2011-05-16T12:00:00Z,0.947,1.273,0.913
2011-06-16T00:00:00Z,-0.365,3.293,0.866
2011-07-16T12:00:00Z,-0.393,3.773,1.976
2011-08-16T12:00:00Z,0.467,-0.111,0.795
2011-09-16T00:00:00Z,0.291,0.139,2.109
2011-10-16T12:00:00Z,1.415,3.175,2.039
2011-11-16T00:00:00Z,1.716,0.2,2.35
2011-12-16T12:00:00Z,7.887,3.738,4.299
2012-01-16T12:00:00Z,4.865,-0.285,2.23
2012-02-15T12:00:00Z,3.723,-1.613,1.233
2012-03-16T12:00:00Z,0.165,0.796,0.867
2012-04-16T00:00:00Z,-1.349,2.975,0.055
2012-05-16T12:00:00Z,2.668,-3.192,0.211
2012-06-16T00:00:00Z,0.168,-1.357,-0.851
2012-07-16T12:00:00Z,1.868,5.595,-0.013
2012-08-16T12:00:00Z,-1.316,2.99,-0.477
2012-09-16T00:00:00Z,2.833,2.277,0.764
2012-10-16T12:00:00Z,-0.19,1.082,0.898
2012-11-16T00:00:00Z,-2.34,-0.229,0.716
2012-12-16T12:00:00Z,0.023,1.512,-0.908
2013-01-16T12:00:00Z,6.643,0.52,-0.103
2013-02-15T00:00:00Z,8.002,-1.891,-0.22
2013-03-16T12:00:00Z,2.063,1.519,1.89
2013-04-16T00:00:00Z,2.727,-1.294,0.415
2013-05-16T12:00:00Z,1.356,4.787,1.587
2013-06-16T00:00:00Z,1.163,6.915,1.98
2013-07-16T12:00:00Z,0.47,3.367,1.821
2013-08-16T12:00:00Z,-1.299,2.182,0.155
2013-09-16T00:00:00Z,-0.257,-0.805,0.743
2013-10-16T12:00:00Z,0.932,-0.553,-0.468
2013-11-16T00:00:00Z,0.144,3.284,1.207
2013-12-16T12:00:00Z,4.973,0.408,0.684
2014-01-16T12:00:00Z,3.977,1.611,2.359
2014-02-15T00:00:00Z,-0.953,1.768,-0.548
2014-03-16T12:00:00Z,-0.602,1.199,-2.204
2014-04-16T00:00:00Z,1.158,4.672,1.138
2014-05-16T12:00:00Z,1.391,2.33,1.097
2014-06-16T00:00:00Z,0.565,1.192,0.067
2014-07-16T12:00:00Z,-0.953,0.282,-0.689
2014-08-16T12:00:00Z,-1.605,-6.64,-1.571
2014-09-16T00:00:00Z,-3.836,0.641,-1.327
2014-10-16T12:00:00Z,-3.229,-2.739,-1.383
2014-11-16T00:00:00Z,-1.818,1.877,-1.051
2014-12-16T12:00:00Z,-2.97,1.964,-0.934
2015-01-16T12:00:00Z,2.083,0.414,-1.665
2015-02-15T00:00:00Z,-1.67,-0.581,0.534
2015-03-16T12:00:00Z,0.931,-3.084,-2.08
2015-04-16T00:00:00Z,0.631,-2.551,0.07
2015-05-16T12:00:00Z,-2.497,-2.4,-1.364
2015-06-16T00:00:00Z,-1.473,-1.415,-1.178
2015-07-16T12:00:00Z,-4.051,-1.606,-1.876
2015-08-16T12:00:00Z,-3.224,-5.465,-2.707
2015-09-16T00:00:00Z,-2.707,-5.421,-2.786
2015-10-16T12:00:00Z,-4.079,-4.871,-2.356
2015-11-16T00:00:00Z,2.093,1.492,-0.402
2015-12-16T12:00:00Z,1.549,-1.811,-2.036
2016-01-16T12:00:00Z,-6.935,-6.593,-3.194
2016-02-15T12:00:00Z,0.825,-2.304,-3.861
2016-03-16T12:00:00Z,-2.065,-1.534,-0.757
2016-04-16T00:00:00Z,-1.135,-0.761,-2.061
2016-05-16T12:00:00Z,0.272,-3.882,0.714
2016-06-16T00:00:00Z,1.559,4.22,1.054
2016-07-16T12:00:00Z,1.753,-1.217,0.997
2016-08-16T12:00:00Z,0.404,0.766,0.602
2016-09-16T00:00:00Z,3.795,-0.655,2.15
2016-10-16T12:00:00Z,-1.928,-0.323,-0.671
2016-11-16T00:00:00Z,-0.487,0.043,0.207
2016-12-16T12:00:00Z,2.524,1.136,0.528
2017-01-16T12:00:00Z,-1.597,-0.366,0.222
2017-02-15T00:00:00Z,-4.747,-0.51,-0.135
2017-03-16T12:00:00Z,2.897,2.185,1.428
2017-04-16T00:00:00Z,-0.849,0.941,-0.263
2017-05-16T12:00:00Z,0.58,3.992,0.582
2017-06-16T00:00:00Z,-1.26,1.413,-0.985
2017-07-16T12:00:00Z,1.417,2.738,1.083
2017-08-16T12:00:00Z,-0.59,2.367,0.949
2017-09-16T00:00:00Z,-0.104,3.668,1.501
2017-10-16T12:00:00Z,3.587,3.843,2.116
2017-11-16T00:00:00Z,-1.166,2.809,1.992
2017-12-16T12:00:00Z,3.408,3.01,0.029
2018-01-16T12:00:00Z,2.703,3.302,2.299
2018-02-15T00:00:00Z,6.37,0.106,-1.118
2018-03-16T12:00:00Z,-0.816,3.353,2.271
2018-04-16T00:00:00Z,1.112,1.48,0.77
2018-05-16T12:00:00Z,-0.186,-0.117,1.033
2018-06-16T00:00:00Z,0.753,2.862,-0.306
2018-07-16T12:00:00Z,1.283,2.922,0.445
2018-08-16T12:00:00Z,0.564,0.754,-1.121
2018-09-16T00:00:00Z,0.625,-1.574,-1.346
2018-10-16T12:00:00Z,-0.584,-0.417,0.696
2018-11-16T00:00:00Z,0.013,-1.276,0.168
2018-12-16T12:00:00Z,2.574,3.169,1.771
2019-01-16T12:00:00Z,-2.657,2.135,-0.121
2019-02-15T00:00:00Z,-4.261,-4.062,-2.887
2019-03-16T12:00:00Z,-1.888,2.033,-0.786
2019-04-16T00:00:00Z,1.068,1.791,0.474
2019-05-16T12:00:00Z,-2.324,0.696,-0.365
2019-06-16T00:00:00Z,0.534,2.444,-0.587
2019-07-16T12:00:00Z,0.429,2.466,-0.753
2019-08-16T12:00:00Z,-1.844,-2.376,-0.572
2019-09-16T00:00:00Z,-0.722,0.531,-1.854
2019-10-16T12:00:00Z,0.875,-1.543,-0.712
2019-11-16T00:00:00Z,-1.129,-1.328,-1.432
2019-12-16T12:00:00Z,-3.116,0.513,-0.463
2020-01-16T12:00:00Z,4.917,1.481,0.871
2020-02-15T12:00:00Z,6.851,0.831,-0.105
2020-03-16T12:00:00Z,-0.6,-2.287,-0.346
2020-04-16T00:00:00Z,1.467,-0.967,0.514
2020-05-16T12:00:00Z,-1.671,3.468,1.267
2020-06-16T00:00:00Z,0.942,1.952,-0.538
2020-07-16T12:00:00Z,0.577,3.208,1.039
2020-08-16T12:00:00Z,-0.463,4.532,1.785
2020-09-16T00:00:00Z,-0.276,4.464,1.799
2020-10-16T12:00:00Z,1.612,3.607,0.875
2020-11-16T00:00:00Z,1.998,2.387,1.295
2020-12-16T12:00:00Z,5.098,3.847,3.73
2021-01-16T12:00:00Z,2.532,3.041,4.189
