time,blob_id,max_area,duration,max_intensity,mean_intensity,min_dist_to_coast,max_index
1982-04-12T00:00:00Z,1982.01,454460.0,2,1.85468,1.83034,1184.84,0
1983-03-18T00:00:00Z,1983.01,769268.0,2,2.19884,2.08726,5.95226,0
1983-07-21T00:00:00Z,1983.02,760418.0,13,1.87778,1.75545,1393.31,0.0459028
1983-08-29T00:00:00Z,1983.03,697691.0,3,2.28067,2.09518,1762.7,0
1983-09-12T00:00:00Z,1983.04,432950.0,1,2.05564,2.05564,1014.65,0
1983-09-27T00:00:00Z,1983.05,585402.0,12,2.0219,1.79389,617.487,0.052384
1983-09-29T00:00:00Z,1983.06,451423.0,1,1.68263,1.68263,2137.51,0
1983-10-28T00:00:00Z,1983.07,1536120.0,31,1.92841,1.76,495.297,0.161844
1984-01-28T00:00:00Z,1984.01,831695.0,12,2.0941,1.86668,1243.72,0.062328
1984-03-03T00:00:00Z,1984.02,636363.0,2,1.61236,1.60256,1170.26,0
1984-03-08T00:00:00Z,1984.03,1394900.0,15,2.15298,1.89258,1458.53,0.0839367
1984-05-01T00:00:00Z,1984.04,1890510.0,13,1.91068,1.79254,1385.36,0.100798
1984-05-16T00:00:00Z,1984.05,2320020.0,16,2.30975,1.97132,1340.17,0.142809
1984-06-01T00:00:00Z,1984.06,2476220.0,43,1.99833,1.72091,1556.61,0.115443
1984-06-07T00:00:00Z,1984.07,554488.0,3,1.85189,1.76871,1956.31,0
1984-06-19T00:00:00Z,1984.08,455886.0,2,1.71308,1.66993,1427.04,0
1984-07-06T00:00:00Z,1984.09,499329.0,2,1.88611,1.87941,1918.05,0
1984-07-16T00:00:00Z,1984.1,1782220.0,28,1.7149,1.58024,1804.91,0.0487508
1984-08-06T00:00:00Z,1984.11,580572.0,8,2.03238,1.91418,1953.19,0.0198726
1984-08-24T00:00:00Z,1984.12,645253.0,3,2.10109,1.92331,1500.28,0
1984-09-15T00:00:00Z,1984.13,945165.0,4,1.93752,1.7488,1358.62,0
1984-09-30T00:00:00Z,1984.14,840839.0,11,1.96316,1.78795,2005.39,0.0243345
1984-10-19T00:00:00Z,1984.15,687105.0,8,2.09706,1.91679,1155.88,0.0486787
1984-10-22T00:00:00Z,1984.16,440577.0,1,1.8514,1.8514,2607.06,0
1984-10-29T00:00:00Z,1984.17,1740980.0,18,2.08805,1.92973,2097.49,0.101021
1984-11-03T00:00:00Z,1984.18,1166910.0,5,2.0338,1.87132,1145.53,0.0748272
1985-04-25T00:00:00Z,1985.01,458571.0,2,1.81299,1.79253,2117.22,0
1985-07-09T00:00:00Z,1985.02,588965.0,3,1.72751,1.64653,1134.91,0
1985-09-06T00:00:00Z,1985.03,1666990.0,103,2.05394,1.73403,1737.91,0.0685132
1986-03-06T00:00:00Z,1986.01,557573.0,3,1.89207,1.82589,1299.69,0
1986-05-29T00:00:00Z,1986.02,1009330.0,10,1.82935,1.71145,897.697,0.0689313
1986-06-15T00:00:00Z,1986.03,1033450.0,5,1.9285,1.75902,834.39,0
1986-06-26T00:00:00Z,1986.04,556899.0,3,1.82777,1.74658,1564.46,0
1986-08-07T00:00:00Z,1986.05,551342.0,3,1.79508,1.73714,847.672,0
1986-08-16T00:00:00Z,1986.06,2973530.0,104,2.01155,1.75144,905.923,0.218737
1986-12-07T00:00:00Z,1986.07,733560.0,21,1.8136,1.71665,1396.71,0.037069
1987-01-07T00:00:00Z,1987.01,505318.0,3,1.7429,1.72856,1380.25,0
1987-01-16T00:00:00Z,1987.02,484469.0,2,1.70454,1.68763,1231.71,0
1988-06-18T00:00:00Z,1988.01,1039950.0,7,1.98751,1.80676,1656.44,0.0480614
1988-07-25T00:00:00Z,1988.02,1122430.0,7,1.79331,1.70109,2438.77,0.0195564
1988-07-26T00:00:00Z,1988.03,464444.0,1,1.63449,1.63449,1142.6,0
1988-09-28T00:00:00Z,1988.04,552462.0,4,1.82473,1.76529,2528.79,0
1988-10-28T00:00:00Z,1988.05,445183.0,1,1.80196,1.80196,2388.21,0
1988-11-27T00:00:00Z,1988.06,642777.0,4,1.84468,1.79304,2122.54,0
1988-12-21T00:00:00Z,1988.07,752069.0,6,1.75101,1.70801,1707.01,0.0357157
1989-02-16T00:00:00Z,1989.01,680591.0,4,1.87236,1.74328,2295.71,0
1989-03-27T00:00:00Z,1989.02,2257590.0,43,1.94169,1.71461,1204.8,0.102663
1989-06-15T00:00:00Z,1989.03,450991.0,2,1.64789,1.64688,1453.26,0
1989-06-30T00:00:00Z,1989.04,478493.0,1,1.68784,1.68784,1094.76,0
1989-07-29T00:00:00Z,1989.05,1048230.0,10,1.65472,1.57567,1850.48,0.0310993
1989-08-21T00:00:00Z,1989.06,606015.0,10,1.52872,1.47003,1709.7,0.013838
1989-08-27T00:00:00Z,1989.07,3160780.0,46,1.90072,1.67005,900.58,0.177651
1989-10-11T00:00:00Z,1989.08,926412.0,2,1.55321,1.52621,1206.91,0.031369
1989-09-17T00:00:00Z,1989.09,453154.0,1,1.58462,1.54803,1268.96,0.0113692
1989-10-15T00:00:00Z,1989.1,614511.0,1,1.57623,1.51274,1088.86,0.0262814
1989-09-07T00:00:00Z,1989.11,738292.0,5,1.63922,1.55422,1660.11,0
1989-11-06T00:00:00Z,1989.12,1206100.0,16,1.89771,1.73609,1530.64,0.0543133
1989-11-19T00:00:00Z,1989.13,544631.0,0,1.63162,1.63162,1879.24,0.0121599
1989-12-23T00:00:00Z,1989.14,962472.0,24,1.83492,1.71182,1277.14,0.0543655
1990-04-12T00:00:00Z,1990.01,795779.0,2,1.88229,1.83305,1072.15,0
1990-05-04T00:00:00Z,1990.02,1450330.0,13,1.92175,1.81717,1014.38,0.0911797
1990-06-19T00:00:00Z,1990.03,476423.0,2,1.59694,1.55318,1428.61,0
1990-07-05T00:00:00Z,1990.04,537226.0,2,1.73898,1.70858,374.98,0
1990-07-07T00:00:00Z,1990.05,435029.0,1,1.59368,1.59368,987.301,0
1990-07-17T00:00:00Z,1990.06,723839.0,3,1.80244,1.69817,699.551,0
1990-07-27T00:00:00Z,1990.07,1286940.0,24,1.82562,1.69602,446.283,0.0978866
1990-09-05T00:00:00Z,1990.08,2100950.0,24,1.92825,1.68463,216.719,0.232481
1990-09-27T00:00:00Z,1990.09,685992.0,1,1.693,1.67786,372.195,0.0589375
1990-09-08T00:00:00Z,1990.1,455606.0,2,1.61568,1.60651,565.751,0
1990-09-16T00:00:00Z,1990.11,819495.0,8,1.8358,1.66358,355.493,0.111324
1990-10-19T00:00:00Z,1990.12,507562.0,7,1.78878,1.66648,2361.03,0.00572837
1990-11-09T00:00:00Z,1990.13,443632.0,1,1.652,1.652,2419.98,0
1990-12-24T00:00:00Z,1990.14,730437.0,16,1.81416,1.69811,1989.93,0.0221156
1991-01-30T00:00:00Z,1991.01,852018.0,3,1.78469,1.70991,1704.39,0
1991-03-12T00:00:00Z,1991.02,730693.0,12,1.9324,1.8286,1876.39,0.0300744
1991-05-27T00:00:00Z,1991.03,1769010.0,69,1.87273,1.6398,1167.46,0.107544
1991-09-14T00:00:00Z,1991.04,927013.0,11,1.86528,1.75367,1078.63,0.0709029
1991-10-04T00:00:00Z,1991.05,2789860.0,46,1.85432,1.68728,654.441,0.197065
1991-11-03T00:00:00Z,1991.06,510503.0,4,1.78082,1.69813,2390.96,0.00715882
1991-11-14T00:00:00Z,1991.07,717406.0,16,2.14761,1.85999,2520.33,0.0148756
1991-12-08T00:00:00Z,1991.08,699435.0,4,1.64535,1.60129,753.4,0
1992-02-25T00:00:00Z,1992.01,785215.0,3,1.79171,1.76882,5.95857,0
1992-03-13T00:00:00Z,1992.02,1112250.0,23,2.04654,1.78962,17.1502,0.193755
1992-04-06T00:00:00Z,1992.03,2902150.0,64,2.2204,1.85584,372.8,0.286705
1992-05-26T00:00:00Z,1992.04,1055500.0,9,1.89934,1.73682,192.988,0.125469
1992-05-05T00:00:00Z,1992.05,579856.0,2,1.71337,1.71092,5.96259,0
1992-05-31T00:00:00Z,1992.06,537491.0,1,1.75244,1.75244,1834.43,0
1992-06-23T00:00:00Z,1992.07,561173.0,2,1.76999,1.69715,1986.27,0
1992-06-26T00:00:00Z,1992.08,796309.0,5,1.73715,1.67687,59.117,0
1992-06-27T00:00:00Z,1992.09,2120400.0,30,1.99929,1.75058,548.562,0.233974
1992-07-07T00:00:00Z,1992.1,545424.0,0,1.67577,1.67577,25.8177,0.0595617
1992-07-16T00:00:00Z,1992.11,786856.0,6,1.57183,1.53731,1356.73,0.0297756
1992-07-29T00:00:00Z,1992.12,792734.0,6,1.61907,1.54481,901.33,0.0429076
1992-08-11T00:00:00Z,1992.13,784890.0,6,1.54158,1.51552,731.982,0.0452343
1992-08-24T00:00:00Z,1992.14,1486070.0,21,1.813,1.66461,659.149,0.113533
1992-08-30T00:00:00Z,1992.15,915612.0,6,1.58234,1.50129,1126.16,0.0276247
1992-09-28T00:00:00Z,1992.16,599263.0,4,1.97054,1.84685,1450.8,0
1992-10-17T00:00:00Z,1992.17,1617260.0,52,1.86639,1.7628,1119.97,0.123754
1992-11-29T00:00:00Z,1992.18,587542.0,0,1.59683,1.59683,387.421,0.0414045
1993-05-20T00:00:00Z,1993.01,1226150.0,23,2.04702,1.82941,245.768,0.164245
1993-05-30T00:00:00Z,1993.02,596751.0,5,1.83137,1.75724,1033.77,0
1993-06-18T00:00:00Z,1993.03,804658.0,5,1.8913,1.71832,1173.05,0
1993-07-14T00:00:00Z,1993.04,673999.0,3,1.81305,1.71695,1681.93,0
1993-07-23T00:00:00Z,1993.05,738474.0,2,1.62037,1.60943,1507.1,0
1993-07-31T00:00:00Z,1993.06,1031250.0,11,1.84385,1.67948,1441.41,0.0508878
1993-09-11T00:00:00Z,1993.07,632970.0,6,1.69512,1.61561,1426.49,0.026529
1993-09-25T00:00:00Z,1993.08,2144220.0,69,1.81895,1.63184,652.245,0.132532
1994-02-02T00:00:00Z,1994.01,1251270.0,9,1.81867,1.72664,382.279,0.117011
1994-08-03T00:00:00Z,1994.02,1625020.0,23,1.91726,1.73499,1274.57,0.112589
1994-08-18T00:00:00Z,1994.03,971903.0,4,1.87195,1.68256,1077.62,0.0688505
1994-08-11T00:00:00Z,1994.04,960633.0,15,1.80279,1.72737,8.83935,0.129893
1994-09-10T00:00:00Z,1994.05,740879.0,5,1.88583,1.77825,37.0421,0
1994-09-26T00:00:00Z,1994.06,784176.0,21,1.73503,1.63002,1646.99,0.0305654
1994-09-27T00:00:00Z,1994.07,456873.0,1,1.80559,1.80559,62.2232,0
1994-09-28T00:00:00Z,1994.08,1988550.0,13,1.99869,1.68866,136.795,0.21177
1994-10-04T00:00:00Z,1994.09,723605.0,4,1.79613,1.63711,803.534,0.0409174
1994-11-02T00:00:00Z,1994.1,522735.0,2,1.7249,1.70037,2220.97,0
1994-11-25T00:00:00Z,1994.11,1269610.0,26,1.91449,1.78067,2081.78,0.0378692
1995-03-16T00:00:00Z,1995.01,525761.0,5,2.20963,2.10226,1110.5,0
1995-07-07T00:00:00Z,1995.02,1003850.0,14,2.0105,1.75602,158.046,0.146567
1995-07-27T00:00:00Z,1995.03,486034.0,3,1.61083,1.5622,66.4048,0
1995-09-12T00:00:00Z,1995.04,1457910.0,16,1.89451,1.68536,107.483,0.163963
1995-09-21T00:00:00Z,1995.05,452351.0,1,1.83866,1.83866,881.822,0
1995-11-16T00:00:00Z,1995.06,2203230.0,31,1.91232,1.77341,574.519,0.213967
1996-02-05T00:00:00Z,1996.01,1489350.0,10,1.85052,1.75041,443.348,0.184342
1996-03-09T00:00:00Z,1996.02,696201.0,4,1.70398,1.67722,981.104,0
1996-03-28T00:00:00Z,1996.03,2968860.0,95,2.0968,1.72891,1022.79,0.229053
1996-03-28T00:00:00Z,1996.04,430007.0,1,2.0925,2.0925,851.283,0
1996-07-23T00:00:00Z,1996.05,1004800.0,16,1.66376,1.49353,1268.17,0.0567609
1996-08-22T00:00:00Z,1996.06,627680.0,3,1.56363,1.52436,647.74,0
1996-10-04T00:00:00Z,1996.07,4241520.0,276,2.5206,1.7749,721.707,0.62786
1996-10-07T00:00:00Z,1996.08,501916.0,0,1.89371,1.89371,760.673,0
1996-10-21T00:00:00Z,1996.09,507240.0,0,1.66286,1.66286,2455.17,0.00473119
1996-10-05T00:00:00Z,1996.1,428332.0,1,1.71751,1.71751,834.203,0
1997-06-15T00:00:00Z,1997.01,660083.0,1,1.64996,1.64996,12.972,0
1997-06-19T00:00:00Z,1997.02,4550320.0,110,2.0163,1.77069,856.251,0.450931
1997-09-11T00:00:00Z,1997.03,1685810.0,4,1.71061,1.65071,5.95514,0.203457
1997-09-18T00:00:00Z,1997.04,894866.0,2,1.95011,1.90175,1063.46,0.0638698
1997-09-23T00:00:00Z,1997.05,496965.0,0,1.51165,1.51165,1127.19,0.014492
1997-09-27T00:00:00Z,1997.06,883860.0,8,1.87098,1.74682,1158.73,0.0543937
1997-08-04T00:00:00Z,1997.07,467203.0,3,1.76756,1.70184,1192.1,0
1997-08-22T00:00:00Z,1997.08,1604250.0,4,1.7151,1.64591,497.785,0
1997-10-16T00:00:00Z,1997.09,476094.0,3,2.02975,1.97102,1309.12,0
1997-10-24T00:00:00Z,1997.1,617056.0,2,1.67848,1.65437,803.657,0
1997-10-27T00:00:00Z,1997.11,571155.0,2,1.8079,1.78611,1707.11,0
1997-11-02T00:00:00Z,1997.12,1421890.0,52,2.00473,1.86387,74.1446,0.226249
1997-11-15T00:00:00Z,1997.13,489240.0,0,1.77795,1.77795,31.7026,0.0522066
1997-12-30T00:00:00Z,1997.14,740379.0,9,2.15214,2.00848,5.95777,0.133686
1998-01-14T00:00:00Z,1998.01,758536.0,20,2.05791,1.95688,49.4408,0.139037
1998-02-02T00:00:00Z,1998.02,835200.0,15,2.02875,1.90844,6.1862,0.130618
1998-03-02T00:00:00Z,1998.03,590530.0,4,1.91981,1.90606,124.118,0
1998-03-21T00:00:00Z,1998.04,777082.0,3,2.07878,2.05614,111.179,0
1998-05-03T00:00:00Z,1998.05,432949.0,1,1.7764,1.7764,5.96406,0
1998-05-04T00:00:00Z,1998.06,589413.0,4,1.75008,1.71689,1144.26,0
1998-06-01T00:00:00Z,1998.07,450634.0,1,1.57856,1.57856,114.627,0
1998-06-21T00:00:00Z,1998.08,787467.0,17,1.8488,1.61549,1273.53,0.0397554
1998-08-11T00:00:00Z,1998.09,1000410.0,27,1.96914,1.6995,446.927,0.115904
1999-04-11T00:00:00Z,1999.01,451269.0,3,2.07847,2.02844,2458.8,0
1999-05-02T00:00:00Z,1999.02,461768.0,2,1.73102,1.71822,2158.14,0
1999-05-11T00:00:00Z,1999.03,1272860.0,27,1.90952,1.64351,2081.48,0.0459584
2000-01-07T00:00:00Z,2000.01,1038750.0,8,1.90272,1.82258,2221.3,0.027339
2000-05-22T00:00:00Z,2000.02,731368.0,6,1.54884,1.50471,2522.09,0.00676161
2000-07-10T00:00:00Z,2000.03,774008.0,8,1.95127,1.80163,1821.91,0.0351973
2000-07-27T00:00:00Z,2000.04,597720.0,6,1.9632,1.80764,635.668,0.051926
2000-08-02T00:00:00Z,2000.05,2193500.0,67,2.15671,1.77949,1551.69,0.143121
2000-10-31T00:00:00Z,2000.06,1242950.0,23,1.82068,1.6709,2153.81,0.0316064
2001-05-16T00:00:00Z,2001.01,789175.0,5,1.66394,1.60984,2161.85,0
2001-06-14T00:00:00Z,2001.02,562807.0,6,1.77107,1.62282,2269.45,0.00994651
2001-07-14T00:00:00Z,2001.03,1614950.0,37,1.97758,1.70719,1921.89,0.0660642
2001-08-16T00:00:00Z,2001.04,430503.0,1,1.57416,1.57416,1624.33,0
2001-08-30T00:00:00Z,2001.05,1150140.0,8,1.92654,1.75569,764.207,0.0924791
2001-09-10T00:00:00Z,2001.06,1518600.0,17,2.06678,1.76831,1578.58,0.0969076
2002-04-23T00:00:00Z,2002.01,1677030.0,23,2.02887,1.92149,1450.48,0.0844272
2002-05-17T00:00:00Z,2002.02,467176.0,2,1.67677,1.63955,2298.75,0
2002-06-02T00:00:00Z,2002.03,534296.0,3,1.59182,1.57131,2623.97,0
2002-07-03T00:00:00Z,2002.04,887437.0,9,1.81277,1.64002,1955.19,0.0325303
2002-07-11T00:00:00Z,2002.05,660403.0,4,1.52473,1.4982,1016.9,0
2002-08-05T00:00:00Z,2002.06,425979.0,1,1.77526,1.77526,858.218,0
2002-08-08T00:00:00Z,2002.07,453273.0,3,1.56955,1.52756,1551.04,0
2002-08-17T00:00:00Z,2002.08,2369790.0,25,1.76296,1.60745,1110.3,0.114977
2002-09-13T00:00:00Z,2002.09,3158870.0,99,2.12971,1.79045,411.086,0.308556
2003-01-20T00:00:00Z,2003.01,463988.0,2,1.93117,1.91748,1511.13,0
2003-02-16T00:00:00Z,2003.02,539089.0,4,1.93537,1.91164,1537.98,0
2003-02-26T00:00:00Z,2003.03,533134.0,6,2.08274,1.96305,1642.65,0.0208615
2003-07-13T00:00:00Z,2003.04,947639.0,11,1.84623,1.64555,207.125,0.134468
2003-07-22T00:00:00Z,2003.05,433817.0,0,1.54667,1.54667,794.094,0.01147
2003-08-03T00:00:00Z,2003.06,1473480.0,10,1.96428,1.76413,937.297,0.129602
2003-08-06T00:00:00Z,2003.07,846215.0,4,1.64496,1.56495,1856.45,0
2003-09-04T00:00:00Z,2003.08,667626.0,3,1.80646,1.75542,1861.79,0
2003-09-19T00:00:00Z,2003.09,1460260.0,13,1.71544,1.61601,1355.57,0.0685469
2003-09-26T00:00:00Z,2003.1,1819530.0,13,1.86532,1.69051,1140.74,0.0794537
2003-10-15T00:00:00Z,2003.11,772751.0,2,1.70681,1.68078,1178.15,0
2004-05-02T00:00:00Z,2004.01,2093170.0,22,1.94514,1.69474,108.601,0.237784
2004-06-02T00:00:00Z,2004.02,483342.0,2,1.71561,1.64252,5.96333,0
2004-06-03T00:00:00Z,2004.03,677996.0,3,1.63751,1.57088,1314.27,0
2004-06-19T00:00:00Z,2004.04,6042030.0,127,2.19796,1.79145,676.1,0.412631
2004-07-01T00:00:00Z,2004.05,1092720.0,12,1.87795,1.72007,853.311,0.105242
2004-07-23T00:00:00Z,2004.06,1584360.0,2,1.64245,1.59991,221.339,0.141454
2004-07-27T00:00:00Z,2004.07,1012880.0,6,1.71115,1.65526,558.368,0.0893876
2004-09-03T00:00:00Z,2004.08,2062200.0,12,1.72461,1.63458,1346.5,0.170096
2004-08-23T00:00:00Z,2004.09,599930.0,0,1.80555,1.80555,2084.92,0.0142368
2004-08-26T00:00:00Z,2004.1,430883.0,0,1.67602,1.67602,2491.83,0.00230204
2004-08-29T00:00:00Z,2004.11,1690350.0,0,1.81381,1.81381,412.272,0.145285
2004-09-17T00:00:00Z,2004.12,1301070.0,7,1.56,1.45372,1372.04,0.0371485
2004-09-03T00:00:00Z,2004.13,2062200.0,4,1.72836,1.67552,141.331,0.170096
2004-06-20T00:00:00Z,2004.14,584181.0,2,1.62188,1.61164,863.157,0
2004-07-09T00:00:00Z,2004.15,476044.0,1,1.50091,1.50091,92.5129,0
2004-08-02T00:00:00Z,2004.16,1363490.0,6,1.6404,1.59213,768.719,0.0895318
2004-10-27T00:00:00Z,2004.17,2046220.0,13,1.72188,1.66186,2010.62,0.0439181
2004-12-02T00:00:00Z,2004.18,1333510.0,11,1.67274,1.61353,1441.14,0.0524548
2005-01-09T00:00:00Z,2005.01,2371870.0,17,1.9666,1.78265,1487.32,0.110734
2005-02-02T00:00:00Z,2005.02,1250790.0,5,1.81175,1.75693,1197.87,0
2005-02-09T00:00:00Z,2005.03,1185700.0,18,1.89817,1.76036,1590.43,0.0651172
2005-03-14T00:00:00Z,2005.04,2183090.0,19,2.00366,1.81523,736.273,0.182814
2005-04-22T00:00:00Z,2005.05,2732780.0,153,2.10353,1.77263,1032.96,0.153229
2005-06-28T00:00:00Z,2005.06,1528200.0,62,2.13167,1.78475,2040.35,0.0641726
2005-08-27T00:00:00Z,2005.07,693628.0,1,1.59557,1.52818,504.565,0.0489629
2005-05-01T00:00:00Z,2005.08,443305.0,1,2.03077,2.03077,1749.59,0
2005-05-05T00:00:00Z,2005.09,756927.0,16,2.03867,1.84438,111.854,0.114025
2005-05-09T00:00:00Z,2005.1,468849.0,2,2.43787,2.40542,960.425,0
2005-05-12T00:00:00Z,2005.11,991772.0,10,2.00625,1.77417,1931.5,0.0321415
2005-05-23T00:00:00Z,2005.12,589560.0,2,1.62116,1.61611,2405.64,0
2005-06-05T00:00:00Z,2005.13,1169610.0,22,1.99493,1.76631,1931.87,0.0413702
2005-09-28T00:00:00Z,2005.14,1376330.0,27,2.22512,2.0215,2082.43,0.0691516
2005-11-01T00:00:00Z,2005.15,958585.0,19,2.16458,1.95684,2408.65,0.0227782
2005-12-27T00:00:00Z,2005.16,464868.0,1,1.86694,1.86694,1491.49,0
2006-06-08T00:00:00Z,2006.01,755869.0,1,1.72907,1.72907,555.774,0
2006-07-12T00:00:00Z,2006.02,445228.0,3,1.6935,1.61645,995.891,0
2006-07-29T00:00:00Z,2006.03,518228.0,5,2.23254,2.09793,1180.51,0
2006-09-27T00:00:00Z,2006.04,547768.0,3,1.72208,1.68686,760.972,0
2006-10-10T00:00:00Z,2006.05,677753.0,8,1.68031,1.63261,461.216,0.0482759
2006-11-04T00:00:00Z,2006.06,476585.0,3,1.58693,1.56637,416.343,0
2007-05-19T00:00:00Z,2007.01,1171920.0,15,1.75372,1.63955,1642.99,0.0446366
2007-06-12T00:00:00Z,2007.02,682042.0,6,1.66621,1.61351,722.86,0.0493513
2007-07-01T00:00:00Z,2007.03,1366050.0,8,1.86266,1.70814,331.33,0.185623
2007-07-15T00:00:00Z,2007.04,1589880.0,13,1.88212,1.701,375.635,0.159818
2007-08-16T00:00:00Z,2007.05,462210.0,1,1.43471,1.43471,869.293,0
2007-09-21T00:00:00Z,2007.06,628529.0,17,1.9119,1.75359,2338.3,0.0112083
2007-11-05T00:00:00Z,2007.07,605913.0,10,2.0604,1.85901,2476.26,0.00908585
2008-01-27T00:00:00Z,2008.01,1039100.0,23,1.92884,1.71643,2223.76,0.0322898
2008-03-17T00:00:00Z,2008.02,1051000.0,24,2.08955,1.75408,1870.8,0.0409626
2008-05-04T00:00:00Z,2008.03,2043610.0,30,1.98825,1.70178,1671.08,0.0791557
2008-06-04T00:00:00Z,2008.04,1947010.0,25,2.00431,1.62196,1151.76,0.103289
2008-07-12T00:00:00Z,2008.05,1167540.0,39,1.93442,1.61238,926.55,0.0807642
2008-12-11T00:00:00Z,2008.06,2547970.0,69,2.00707,1.82782,1360.04,0.124576
2009-03-09T00:00:00Z,2009.01,585311.0,2,1.84369,1.82138,2098.15,0
2009-03-28T00:00:00Z,2009.02,1282700.0,20,2.28219,1.96012,1999.49,0.0827469
2009-05-15T00:00:00Z,2009.03,852338.0,5,1.73938,1.65986,1354.56,0
2009-06-09T00:00:00Z,2009.04,826529.0,10,1.97809,1.72501,348.591,0.102189
2009-06-15T00:00:00Z,2009.05,2858290.0,103,2.00066,1.73857,1179.43,0.147213
2009-09-09T00:00:00Z,2009.06,428397.0,0,1.67403,1.67403,2552.31,0.0018864
2009-07-19T00:00:00Z,2009.07,426220.0,1,1.52664,1.52664,1644.59,0
2010-06-07T00:00:00Z,2010.01,873621.0,5,1.68351,1.61386,2018.82,0
2010-07-17T00:00:00Z,2010.02,2573350.0,43,2.25746,1.81383,1166.06,0.17226
2010-08-31T00:00:00Z,2010.03,794454.0,24,2.1833,1.58009,2026.19,0.026332
2011-04-02T00:00:00Z,2011.01,496553.0,2,1.65745,1.61025,2504.3,0
2011-04-22T00:00:00Z,2011.02,2330080.0,157,2.4512,1.88114,1747.85,0.129076
2011-10-08T00:00:00Z,2011.03,1089230.0,6,1.83609,1.78182,1731.84,0.0426539
2011-11-16T00:00:00Z,2011.04,806755.0,10,1.90815,1.79624,2458.3,0.0135652
2011-12-10T00:00:00Z,2011.05,1173200.0,22,1.8441,1.72263,2083.85,0.0309648
2012-01-15T00:00:00Z,2012.01,1448670.0,23,1.74772,1.63275,2020.24,0.0382414
2012-02-16T00:00:00Z,2012.02,949599.0,15,1.85516,1.7294,2189.64,0.0281324
2012-03-16T00:00:00Z,2012.03,643679.0,4,1.76612,1.72807,2144.25,0
2012-05-01T00:00:00Z,2012.04,599906.0,12,1.73207,1.61559,2583.8,0.00817271
2012-05-24T00:00:00Z,2012.05,977217.0,18,1.77987,1.65661,2244.04,0.0281348
2012-06-17T00:00:00Z,2012.06,674474.0,5,1.65492,1.52415,2158.61,0
2012-07-15T00:00:00Z,2012.07,1181560.0,27,1.89318,1.74123,1848.14,0.0570912
2012-08-24T00:00:00Z,2012.08,1037200.0,27,1.77812,1.63747,1742.06,0.0373025
2012-09-30T00:00:00Z,2012.09,957397.0,32,1.8452,1.67216,1554.02,0.0496551
2013-02-17T00:00:00Z,2013.01,912973.0,15,1.87482,1.76245,2041.38,0.0285537
2013-04-12T00:00:00Z,2013.02,2925760.0,69,2.25602,1.82462,1177.6,0.204619
2013-07-02T00:00:00Z,2013.03,981182.0,4,1.61993,1.58801,406.484,0
2013-07-09T00:00:00Z,2013.04,4944800.0,80,1.95148,1.68252,669.214,0.383637
2013-09-11T00:00:00Z,2013.05,1851610.0,1,1.94944,1.87471,71.0385,0.237448
2013-07-25T00:00:00Z,2013.06,932089.0,0,1.53262,1.53262,2394.89,0.00934313
2013-08-14T00:00:00Z,2013.07,2729250.0,13,1.87034,1.72146,1219.88,0.154474
2013-09-01T00:00:00Z,2013.08,1759090.0,4,1.85025,1.80097,606.792,0.176171
2013-09-07T00:00:00Z,2013.09,1740460.0,2,1.75776,1.69644,343.687,0.156558
2013-09-19T00:00:00Z,2013.1,843594.0,4,1.6438,1.56589,75.8482,0.0976
2013-10-26T00:00:00Z,2013.11,9759080.0,757,2.45693,1.93704,352.507,0.771722
2014-05-11T00:00:00Z,2014.01,1350600.0,1,1.64658,1.6394,54.4202,0.149325
2014-04-27T00:00:00Z,2014.02,1916540.0,7,1.79683,1.61206,178.991,0.245632
2014-04-27T00:00:00Z,2014.03,1916540.0,5,1.79683,1.66361,433.517,0.245632
2014-07-09T00:00:00Z,2014.04,1082420.0,0,1.58198,1.58198,104.129,0.0985569
2014-06-22T00:00:00Z,2014.05,635886.0,1,1.69255,1.67836,97.5655,0.0698076
2014-07-01T00:00:00Z,2014.06,699725.0,7,1.815,1.62477,185.539,0.0762903
2015-01-02T00:00:00Z,2015.01,1391580.0,5,1.99651,1.91639,789.474,0.16571
2014-08-28T00:00:00Z,2014.02,877569.0,8,2.09293,1.86435,1148.18,0.0945636
2014-09-26T00:00:00Z,2014.03,1382630.0,12,2.06912,1.87729,2276.99,0.0284504
2014-10-16T00:00:00Z,2014.04,1465570.0,13,1.98129,1.924,2042.85,0.0536109
2014-10-21T00:00:00Z,2014.05,1067690.0,0,1.69038,1.69038,1738.51,0.0332131
2014-11-08T00:00:00Z,2014.06,669721.0,3,1.92132,1.89822,1180.5,0.0419
2014-11-30T00:00:00Z,2014.07,766339.0,3,1.94953,1.83958,1368.85,0.0495676
2015-01-11T00:00:00Z,2015.08,1524100.0,1,1.78002,1.7373,5.95563,0.18657
2015-01-10T00:00:00Z,2015.09,612580.0,2,1.79768,1.79322,1530.42,0.0256244
2015-07-17T00:00:00Z,2015.1,3971400.0,6,1.94875,1.84607,64.6449,0.324313
2015-04-17T00:00:00Z,2015.11,935407.0,45,2.30621,2.05657,1119.8,0.0785395
2015-07-04T00:00:00Z,2015.12,2577500.0,0,1.94851,1.94851,677.671,0.177599
2015-11-14T00:00:00Z,2015.13,1484260.0,11,2.15129,1.99367,1117.49,0.0988158
2015-07-17T00:00:00Z,2015.14,3971400.0,6,2.14953,1.88252,268.465,0.324313
2015-07-30T00:00:00Z,2015.15,2987980.0,9,2.25257,2.09615,496.183,0.268027
2015-08-05T00:00:00Z,2015.16,495696.0,2,1.62053,1.56281,1393.08,0.0155462
2015-08-16T00:00:00Z,2015.17,3016960.0,8,2.30914,2.14518,568.318,0.252883
2015-08-26T00:00:00Z,2015.18,3194870.0,2,2.52428,2.41716,430.468,0.337742
2015-09-02T00:00:00Z,2015.19,4512150.0,39,1.89552,1.667,1340.12,0.272014
2015-09-02T00:00:00Z,2015.2,4512150.0,10,2.20789,1.78827,932.384,0.272014
2015-09-02T00:00:00Z,2015.21,4512150.0,35,1.89552,1.67323,601.25,0.272014
2014-05-10T00:00:00Z,2014.22,494406.0,1,1.59146,1.59146,1343.11,0
2014-05-24T00:00:00Z,2014.23,492976.0,3,1.76732,1.71635,868.4,0
2014-06-26T00:00:00Z,2014.24,482307.0,2,1.6037,1.57471,2294.87,0
2014-07-06T00:00:00Z,2014.25,605372.0,2,1.72315,1.67615,1996.44,0
2014-07-07T00:00:00Z,2014.26,532590.0,4,2.19275,2.04655,1110.54,0
2014-07-20T00:00:00Z,2014.27,805919.0,16,2.0784,1.79007,912.355,0.081832
2014-08-17T00:00:00Z,2014.28,468889.0,2,1.709,1.67139,968.297,0
2014-08-25T00:00:00Z,2014.29,679045.0,1,1.81707,1.81707,669.489,0
2014-09-16T00:00:00Z,2014.3,1051620.0,4,1.76622,1.71328,498.525,0
2014-10-01T00:00:00Z,2014.31,1199530.0,11,1.87063,1.71725,742.148,0.104937
2014-11-07T00:00:00Z,2014.32,1337180.0,18,1.82917,1.76883,926.101,0.103488
2015-05-20T00:00:00Z,2015.33,470248.0,1,1.642,1.642,2669.82,0
2015-06-08T00:00:00Z,2015.34,1017670.0,12,1.85163,1.67366,1032.34,0.0655946
2015-06-16T00:00:00Z,2015.35,800776.0,8,1.95879,1.71434,2374.99,0.0147462
2015-07-31T00:00:00Z,2015.36,1069550.0,5,2.56513,1.83896,1522.34,0
2015-12-02T00:00:00Z,2015.37,477689.0,4,2.14968,2.07288,997.341,0
2015-12-05T00:00:00Z,2015.38,2000420.0,15,1.89773,1.74802,1222.22,0.130168
2015-12-06T00:00:00Z,2015.39,624028.0,11,1.92173,1.7415,230.451,0.0663414
2016-01-07T00:00:00Z,2016.01,901974.0,39,1.9356,1.81703,500.417,0.149875
2016-01-16T00:00:00Z,2016.02,501479.0,1,1.63312,1.63312,1721.27,0
2016-02-14T00:00:00Z,2016.03,2947500.0,39,1.97498,1.82285,899.58,0.307328
2016-02-29T00:00:00Z,2016.04,1651280.0,16,1.90547,1.81121,1740.65,0.134118
2016-02-29T00:00:00Z,2016.05,1651280.0,1,1.77597,1.7368,432.083,0.134118
2016-02-15T00:00:00Z,2016.06,1263540.0,9,1.81884,1.75501,557.982,0.175729
2016-02-25T00:00:00Z,2016.07,524075.0,0,1.56156,1.56156,445.57,0.0299008
2016-02-16T00:00:00Z,2016.08,620955.0,1,2.0639,2.0639,877.664,0
2016-03-17T00:00:00Z,2016.09,3879830.0,46,2.06557,1.74087,90.2981,0.46193
2016-04-11T00:00:00Z,2016.1,1808400.0,7,2.19861,1.95601,488.305,0.217769
2016-03-27T00:00:00Z,2016.11,918449.0,20,2.08181,1.75479,1824.71,0.0522356
2016-04-06T00:00:00Z,2016.12,580860.0,2,1.97881,1.89144,1568.53,0
2016-04-26T00:00:00Z,2016.13,1369930.0,8,1.84111,1.75584,1938.95,0.0414144
2016-05-09T00:00:00Z,2016.14,4670720.0,220,2.26061,1.86833,881.515,0.33808
2016-05-18T00:00:00Z,2016.15,1320840.0,1,1.7065,1.66004,50.5387,0.151766
2016-11-11T00:00:00Z,2016.16,474284.0,0,1.80043,1.80043,5.95455,0.0535599
2016-05-12T00:00:00Z,2016.17,2805210.0,7,1.78988,1.65765,1340.1,0.119469
2016-05-17T00:00:00Z,2016.18,887702.0,0,1.47761,1.47761,924.721,0.0340785
2016-05-16T00:00:00Z,2016.19,785385.0,0,1.55743,1.55743,533.179,0
2016-06-02T00:00:00Z,2016.2,920320.0,6,1.75909,1.67994,1778.59,0.0400782
2016-06-03T00:00:00Z,2016.21,1832950.0,16,1.77737,1.68261,129.931,0.161923
2016-06-11T00:00:00Z,2016.22,646607.0,0,1.58416,1.58416,1250.28,0.0253277
2016-06-04T00:00:00Z,2016.23,573799.0,3,1.64227,1.62141,928.718,0
2016-06-28T00:00:00Z,2016.24,993450.0,8,1.73128,1.624,579.39,0.0966401
2016-07-13T00:00:00Z,2016.25,430092.0,1,1.48533,1.48533,1154.68,0
2016-07-23T00:00:00Z,2016.26,1295150.0,8,1.85404,1.68726,558.567,0.0828923
2016-07-31T00:00:00Z,2016.27,448499.0,2,1.82587,1.80108,1184.45,0
2016-12-08T00:00:00Z,2016.28,810476.0,8,1.89801,1.77264,1105.42,0.0477891
2016-12-21T00:00:00Z,2016.29,683441.0,11,2.0091,1.91087,2595.75,0.0116498
2017-01-15T00:00:00Z,2017.01,1062240.0,5,1.86754,1.76412,2294.51,0
2017-03-12T00:00:00Z,2017.02,2069500.0,61,2.20671,1.82288,1656.08,0.105802
2017-03-19T00:00:00Z,2017.03,547590.0,2,1.86498,1.78201,664.373,0
2017-05-20T00:00:00Z,2017.04,601800.0,3,1.7349,1.71776,2484.34,0
2017-05-29T00:00:00Z,2017.05,3521780.0,138,2.25389,1.87867,1235.79,0.346132
2017-10-09T00:00:00Z,2017.06,580003.0,0,1.68903,1.68903,732.1,0.0370794
2017-07-28T00:00:00Z,2017.07,585614.0,12,1.75512,1.62806,1638.47,0.0199924
2017-10-31T00:00:00Z,2017.08,1958830.0,46,2.04241,1.87719,1452.69,0.154031
2017-12-31T00:00:00Z,2017.09,605796.0,5,1.91725,1.86672,1204.99,0
2018-01-02T00:00:00Z,2018.01,1101640.0,18,2.1734,1.97533,1201.1,0.0825444
2018-01-31T00:00:00Z,2018.02,1132980.0,14,1.8749,1.75102,1176.08,0.103172
2018-02-28T00:00:00Z,2018.03,599265.0,2,2.00285,1.93648,1932.45,0
2018-03-21T00:00:00Z,2018.04,512714.0,3,1.87637,1.78042,1519.37,0
2018-04-05T00:00:00Z,2018.05,555183.0,8,2.07569,1.8899,1577.99,0.02757
2018-06-22T00:00:00Z,2018.06,770202.0,4,1.88353,1.72225,1127.34,0
2018-07-04T00:00:00Z,2018.07,467759.0,2,1.84353,1.79409,1872.26,0
2018-07-08T00:00:00Z,2018.08,724107.0,4,1.90191,1.88582,246.167,0
2018-07-17T00:00:00Z,2018.09,1471290.0,21,1.88729,1.65998,1001.81,0.101285
2018-08-19T00:00:00Z,2018.1,719519.0,7,2.229,1.74759,1022.09,0.0404379
2018-09-09T00:00:00Z,2018.11,4344800.0,113,2.04769,1.80756,764.289,0.247043
2018-11-03T00:00:00Z,2018.12,468719.0,0,1.74846,1.74846,93.7452,0.0401834
2018-11-17T00:00:00Z,2018.13,661009.0,0,1.75175,1.75175,860.918,0.044489
2018-11-28T00:00:00Z,2018.14,725549.0,1,1.78335,1.75623,1087.97,0.0447046
2018-11-19T00:00:00Z,2018.15,536592.0,4,1.87329,1.80558,868.069,0
2019-01-18T00:00:00Z,2019.01,545049.0,3,1.78816,1.779,1521.5,0
2019-01-27T00:00:00Z,2019.02,799713.0,3,1.82191,1.75557,1118.33,0
2019-02-26T00:00:00Z,2019.03,948193.0,4,1.74029,1.70155,1780.64,0
2019-03-09T00:00:00Z,2019.04,1176330.0,26,1.91701,1.75902,1581.41,0.0501663
2019-03-24T00:00:00Z,2019.05,781774.0,6,1.86652,1.8122,1196.61,0.0541609
2019-04-07T00:00:00Z,2019.06,468427.0,1,1.70818,1.70818,1760.03,0
2019-04-17T00:00:00Z,2019.07,662854.0,2,1.66438,1.62579,1807.42,0
2019-04-21T00:00:00Z,2019.08,525192.0,7,1.85192,1.73352,2772.68,0.00315569
2019-04-27T00:00:00Z,2019.09,688150.0,4,2.01702,1.8722,1572.91,0
2019-04-28T00:00:00Z,2019.1,1513710.0,23,2.0415,1.82984,1300.97,0.112943
2019-05-15T00:00:00Z,2019.11,1240230.0,25,1.96499,1.71246,2046.51,0.0478232
2019-05-22T00:00:00Z,2019.12,8882320.0,239,2.36463,1.87039,507.238,0.763426
2019-06-15T00:00:00Z,2019.13,1220080.0,0,1.74346,1.74346,1018.99,0.0702437
2019-06-19T00:00:00Z,2019.14,553859.0,4,1.85324,1.77544,2470.19,0.00893253
2019-07-09T00:00:00Z,2019.15,1029020.0,2,2.17805,2.07571,2329.81,0.0265428
2019-07-18T00:00:00Z,2019.16,1065520.0,5,1.88405,1.72851,2390.17,0.0300195
2019-08-07T00:00:00Z,2019.17,1996230.0,4,1.93343,1.82009,1069.87,0.107369
2019-08-15T00:00:00Z,2019.18,637941.0,0,1.67115,1.67115,2589.9,0.00513995
2019-09-13T00:00:00Z,2019.19,1704060.0,8,2.18438,1.96338,1344.32,0.0968597
2019-10-16T00:00:00Z,2019.2,1157430.0,3,1.82226,1.68121,1925.53,0.0409001
2019-12-04T00:00:00Z,2019.21,1859960.0,18,2.07866,1.93381,1919.21,0.0757784
2019-12-06T00:00:00Z,2019.22,1703290.0,1,1.77722,1.77376,1546.28,0.0617368
2020-01-06T00:00:00Z,2020.01,757763.0,11,1.69611,1.64094,2516.91,0.00969945
2020-02-12T00:00:00Z,2020.02,4560440.0,129,2.17232,1.8204,1485.2,0.304494
2020-05-03T00:00:00Z,2020.03,1493700.0,14,1.67071,1.57244,2128.99,0.0416136
2020-05-06T00:00:00Z,2020.04,591467.0,5,1.6571,1.55495,432.048,0
2020-05-12T00:00:00Z,2020.05,1194730.0,8,1.68275,1.65612,367.371,0.0966236
2020-05-24T00:00:00Z,2020.06,1457580.0,11,1.83841,1.68621,1788.29,0.0799173
2020-05-29T00:00:00Z,2020.07,541501.0,4,1.73769,1.67359,854.185,0
2020-06-01T00:00:00Z,2020.08,9180190.0,135,2.23498,1.82162,517.276,0.623564
2020-08-03T00:00:00Z,2020.09,968880.0,3,1.72445,1.6526,1636.31,0.0385357
2020-09-18T00:00:00Z,2020.1,402937.0,0,1.60828,1.60828,1205.87,0
2020-06-22T00:00:00Z,2020.11,414621.0,1,1.63591,1.63591,826.997,0
2020-08-17T00:00:00Z,2020.12,789765.0,8,1.79887,1.708,966.531,0.0540229
2020-08-19T00:00:00Z,2020.13,841811.0,10,1.8569,1.71712,1819.09,0.0333753
