time,hci_regn1,hci_regn2,hci_regn3,hci_regn4
1980-01-01T00:00:00Z,0.20615034,0.20150375,0.22489083,0.399361
1980-02-01T00:00:00Z,0.37699318,0.120300755,0.04585153,0.18290734
1980-03-01T00:00:00Z,0.08997722,0.0,0.0,0.23003195
1980-04-01T00:00:00Z,0.1287016,0.09774436,0.049126636,0.35623002
1980-05-01T00:00:00Z,0.48405465,0.16541353,0.2871179,0.4464856
1980-06-01T00:00:00Z,0.31435078,0.09774436,0.09606987,0.60942495
1980-07-01T00:00:00Z,0.2574032,0.15338346,0.029475983,0.5071885
1980-08-01T00:00:00Z,0.47494304,0.7263158,0.25873363,0.4464856
1980-09-01T00:00:00Z,0.3861048,0.30075186,0.18777293,0.53194886
1980-10-01T00:00:00Z,0.06719818,0.1112782,0.21506551,0.5439297
1980-11-01T00:00:00Z,0.0,0.0,0.13100436,0.6046326
1980-12-01T00:00:00Z,0.0,0.0,0.026200874,0.43290734
1981-01-01T00:00:00Z,0.0,0.0,0.0,0.28354633
1981-02-01T00:00:00Z,0.0,0.0,0.0,0.29872206
1981-03-01T00:00:00Z,0.0,0.0,0.033842795,0.18370607
1981-04-01T00:00:00Z,0.0261959,0.075187966,0.24017467,0.46645367
1981-05-01T00:00:00Z,0.17653759,0.1518797,0.38100436,0.38099042
1981-06-01T00:00:00Z,0.12072893,0.043609023,0.18995634,0.35223642
1981-07-01T00:00:00Z,0.38154897,0.3413534,0.470524,0.34105432
1981-08-01T00:00:00Z,0.25512528,0.19398496,0.27510917,0.41054314
1981-09-01T00:00:00Z,0.12528473,0.18646617,0.65502185,0.4752396
1981-10-01T00:00:00Z,0.018223235,0.02556391,0.44541484,0.53115016
1981-11-01T00:00:00Z,0.10250569,0.3443609,0.026200874,0.51677316
1981-12-01T00:00:00Z,0.048974942,0.1518797,0.009825327,0.4680511
1982-01-01T00:00:00Z,0.58428246,0.74887216,0.94213974,0.7348243
1982-02-01T00:00:00Z,0.64350796,0.8556391,0.4978166,0.53434503
1982-03-01T00:00:00Z,0.53416854,0.39097744,0.3973799,0.49520767
1982-04-01T00:00:00Z,0.5876993,0.67969924,0.12772925,0.485623
1982-05-01T00:00:00Z,1.0,0.86466163,0.7139738,0.49361023
1982-06-01T00:00:00Z,1.0,0.86315787,0.51310045,0.76916933
1982-07-01T00:00:00Z,0.34168565,0.18045112,0.30786026,0.7276358
1982-08-01T00:00:00Z,0.123006836,0.11578947,0.49563318,0.586262
1982-09-01T00:00:00Z,0.10136674,0.1593985,0.2172489,0.4384984
1982-10-01T00:00:00Z,0.2312073,0.07368421,0.18449782,0.37539935
1982-11-01T00:00:00Z,0.29384965,0.010526316,0.005458515,0.32747602
1982-12-01T00:00:00Z,0.033029612,0.12631579,0.046943232,0.42891374
1983-01-01T00:00:00Z,0.12756264,0.06917293,0.16812228,0.19648562
1983-02-01T00:00:00Z,0.094533026,0.13383459,0.101528384,0.013578275
1983-03-01T00:00:00Z,0.011389522,0.0,0.0,0.071086265
1983-04-01T00:00:00Z,0.0,0.0,0.0065502184,0.307508
1983-05-01T00:00:00Z,0.011389522,0.09022556,0.06877729,0.46645367
1983-06-01T00:00:00Z,0.03644647,0.1518797,0.17139737,0.3953674
1983-07-01T00:00:00Z,0.014806378,0.018045112,0.11790393,0.4816294
1983-08-01T00:00:00Z,0.035307515,0.009022556,0.05021834,0.35543132
1983-09-01T00:00:00Z,0.07403189,0.043609023,0.0032751092,0.21325879
1983-10-01T00:00:00Z,0.33029613,0.13082707,0.0010917031,0.039936103
1983-11-01T00:00:00Z,0.028473804,0.07969925,0.0,0.14297125
1983-12-01T00:00:00Z,0.261959,0.13233082,0.101528384,0.38658148
1984-01-01T00:00:00Z,0.45102507,0.16842106,0.29585153,0.3953674
1984-02-01T00:00:00Z,0.6173121,0.55789477,0.12445415,0.34105432
1984-03-01T00:00:00Z,0.2312073,0.04962406,0.139738,0.3330671
1984-04-01T00:00:00Z,0.35193622,0.4857143,0.3286026,0.4169329
1984-05-01T00:00:00Z,0.9100228,0.07368421,0.28056768,0.46645367
1984-06-01T00:00:00Z,0.7255125,0.4,0.38209608,0.4057508
1984-07-01T00:00:00Z,0.4328018,0.27518797,0.180131,0.38738018
1984-08-01T00:00:00Z,0.082004555,0.04511278,0.1419214,0.3035144
1984-09-01T00:00:00Z,0.071753986,0.067669176,0.11681223,0.1485623
1984-10-01T00:00:00Z,0.07061503,0.02556391,0.3875546,0.3953674
1984-11-01T00:00:00Z,0.5170843,0.11278196,0.35371178,0.5327476
1984-12-01T00:00:00Z,0.41230068,0.40902257,0.28056768,0.701278
1985-01-01T00:00:00Z,0.523918,0.3338346,0.6037118,0.75319487
1985-02-01T00:00:00Z,0.9430524,0.99097747,0.74017465,0.71166134
1985-03-01T00:00:00Z,1.0,1.0,0.96834064,0.778754
1985-04-01T00:00:00Z,1.0,1.0,0.63973796,0.5079872
1985-05-01T00:00:00Z,1.0,0.34887218,0.5414847,0.5646965
1985-06-01T00:00:00Z,0.6025057,0.556391,0.20196506,0.5263578
1985-07-01T00:00:00Z,0.46583143,0.46917292,0.4323144,0.44009584
1985-08-01T00:00:00Z,0.18451025,0.23759398,0.34606987,0.45607027
1985-09-01T00:00:00Z,0.43963555,0.13383459,0.22816594,0.42971247
1985-10-01T00:00:00Z,0.5876993,0.57894737,0.5731441,0.38099042
1985-11-01T00:00:00Z,1.0,0.93834585,0.9541485,0.5623003
1985-12-01T00:00:00Z,0.9988611,0.9458647,0.77401745,0.7563898
1986-01-01T00:00:00Z,0.82801825,0.5338346,0.5960699,0.45447284
1986-02-01T00:00:00Z,0.5455581,0.59398496,0.22707424,0.38658148
1986-03-01T00:00:00Z,0.25284737,0.0,0.02838428,0.3402556
1986-04-01T00:00:00Z,0.41116172,0.46917292,0.17467248,0.37140575
1986-05-01T00:00:00Z,0.9988611,0.28721803,0.45633188,0.48801917
1986-06-01T00:00:00Z,0.2357631,0.0962406,0.14847161,0.4888179
1986-07-01T00:00:00Z,0.3029613,0.33984962,0.47379914,0.4608626
1986-08-01T00:00:00Z,0.62756264,0.86315787,0.6779476,0.51757187
1986-09-01T00:00:00Z,0.5170843,0.54285717,0.30895197,0.5638978
1986-10-01T00:00:00Z,0.54214126,0.6165413,0.45305678,0.42891374
1986-11-01T00:00:00Z,0.35307518,0.37443608,0.2117904,0.36900958
1986-12-01T00:00:00Z,0.09339408,0.22556391,0.0021834061,0.20127796
1987-01-01T00:00:00Z,0.12528473,0.17593984,0.2838428,0.40814698
1987-02-01T00:00:00Z,0.21070614,0.47218046,0.12227074,0.38099042
1987-03-01T00:00:00Z,0.20045558,0.061654136,0.3580786,0.43210864
1987-04-01T00:00:00Z,0.06719818,0.094736844,0.17248908,0.41773164
1987-05-01T00:00:00Z,0.3712984,0.23308271,0.20633188,0.40415335
1987-06-01T00:00:00Z,0.84168565,0.49473685,0.26200873,0.5063898
1987-07-01T00:00:00Z,0.46013668,0.15639098,0.17467248,0.76757187
1987-08-01T00:00:00Z,0.49658313,0.6270677,0.49563318,0.51916933
1987-09-01T00:00:00Z,0.40888384,0.606015,0.22489083,0.46485624
1987-10-01T00:00:00Z,0.18451025,0.2075188,0.22270742,0.30670926
1987-11-01T00:00:00Z,0.078587696,0.07067669,0.060043667,0.3298722
1987-12-01T00:00:00Z,0.06833713,0.4255639,0.24672489,0.53434503
1988-01-01T00:00:00Z,0.43394077,0.82857144,0.9181223,0.850639
1988-02-01T00:00:00Z,0.7255125,0.84210527,0.6681223,0.49121407
1988-03-01T00:00:00Z,0.6047836,0.8015038,0.62772924,0.40814698
1988-04-01T00:00:00Z,0.4191344,0.7323308,0.1812227,0.31789136
1988-05-01T00:00:00Z,0.9988611,0.11729323,0.26091704,0.5207668
1988-06-01T00:00:00Z,0.738041,0.07969925,0.17576419,0.59584665
1988-07-01T00:00:00Z,0.34851936,0.4255639,0.5458515,0.5183706
1988-08-01T00:00:00Z,0.55580866,0.83308274,0.5327511,0.47044727
1988-09-01T00:00:00Z,0.6822323,0.9669173,0.7347162,0.47364217
1988-10-01T00:00:00Z,0.3621868,0.71428573,0.8624454,0.45207667
1988-11-01T00:00:00Z,0.26309794,0.5593985,0.6757642,0.73801917
1988-12-01T00:00:00Z,0.261959,0.8706767,0.69541484,0.7707668
1989-01-01T00:00:00Z,0.9829157,1.0,1.0,0.97284347
1989-02-01T00:00:00Z,1.0,1.0,1.0,0.9089457
1989-03-01T00:00:00Z,1.0,1.0,0.88209605,0.64057505
1989-04-01T00:00:00Z,0.6343964,0.55488724,0.08406114,0.40175718
1989-05-01T00:00:00Z,0.11845102,0.17293233,0.20305677,0.48722044
1989-06-01T00:00:00Z,0.2642369,0.48120302,0.2914847,0.5295527
1989-07-01T00:00:00Z,0.07061503,0.24060151,0.44978166,0.48642173
1989-08-01T00:00:00Z,0.14350797,0.31278196,0.7194323,0.46964857
1989-09-01T00:00:00Z,0.40774488,0.47969925,0.2576419,0.50559103
1989-10-01T00:00:00Z,0.38382688,0.4300752,0.32969433,0.49201277
1989-11-01T00:00:00Z,0.37015945,0.54285717,0.17139737,0.42492014
1989-12-01T00:00:00Z,0.39407745,0.42857143,0.01419214,0.24121405
1990-01-01T00:00:00Z,0.43963555,0.85714287,0.59934497,0.44009584
1990-02-01T00:00:00Z,1.0,0.99398494,0.84388644,0.60383385
1990-03-01T00:00:00Z,0.83940774,0.9203007,0.97707427,0.5471246
1990-04-01T00:00:00Z,0.5261959,0.56842107,0.16048035,0.3985623
1990-05-01T00:00:00Z,0.8359909,0.7503759,0.48580787,0.45926517
1990-06-01T00:00:00Z,0.48063782,0.012030075,0.13100436,0.46884984
1990-07-01T00:00:00Z,0.23234624,0.11278196,0.09606987,0.399361
1990-08-01T00:00:00Z,0.17767654,0.28270677,0.08951965,0.43610224
1990-09-01T00:00:00Z,0.034168564,0.004511278,0.038209606,0.44089457
1990-10-01T00:00:00Z,0.2425968,0.20601504,0.44650656,0.33945686
1990-11-01T00:00:00Z,0.14464693,0.19699249,0.4268559,0.37539935
1990-12-01T00:00:00Z,0.5876993,0.72030073,0.6233624,0.41453674
1991-01-01T00:00:00Z,0.99088836,0.96390975,0.9847162,0.5207668
1991-02-01T00:00:00Z,0.9806378,1.0,0.76746726,0.35303515
1991-03-01T00:00:00Z,0.92027336,0.87819546,0.77401745,0.5407348
1991-04-01T00:00:00Z,1.0,1.0,0.80131006,0.51996803
1991-05-01T00:00:00Z,1.0,1.0,0.98034936,0.83945686
1991-06-01T00:00:00Z,1.0,0.7954887,0.82969433,0.80351436
1991-07-01T00:00:00Z,0.4259681,0.6165413,0.5818777,0.8698083
1991-08-01T00:00:00Z,0.19817768,0.23609023,0.25436682,0.88977635
1991-09-01T00:00:00Z,0.12756264,0.26766917,0.279476,0.80191696
1991-10-01T00:00:00Z,0.33257404,0.3338346,0.31222707,0.48801917
1991-11-01T00:00:00Z,0.49430525,0.56842107,0.51746726,0.4752396
1991-12-01T00:00:00Z,0.27676538,0.8601504,0.6757642,0.5726837
1992-01-01T00:00:00Z,0.23348519,0.6571429,0.6604803,0.5079872
1992-02-01T00:00:00Z,0.0261959,0.2075188,0.0021834061,0.29952076
1992-03-01T00:00:00Z,0.0,0.0,0.0,0.17492013
1992-04-01T00:00:00Z,0.0,0.0,0.0,0.029552715
1992-05-01T00:00:00Z,0.039863326,0.0,0.0,0.20127796
1992-06-01T00:00:00Z,0.11503417,0.09172932,0.049126636,0.2539936
1992-07-01T00:00:00Z,0.091116175,0.019548872,0.029475983,0.33226836
1992-08-01T00:00:00Z,0.18678816,0.14586467,0.26310045,0.38658148
1992-09-01T00:00:00Z,0.44305238,0.23157895,0.1779476,0.39776358
1992-10-01T00:00:00Z,0.21070614,0.17744361,0.05349345,0.2899361
1992-11-01T00:00:00Z,0.14236902,0.07218045,0.01419214,0.20447284
1992-12-01T00:00:00Z,0.44419134,0.4030075,0.09061135,0.34984025
1993-01-01T00:00:00Z,0.79157174,0.6210526,0.6015284,0.52715653
1993-02-01T00:00:00Z,0.61503416,0.5488722,0.19104804,0.28514376
1993-03-01T00:00:00Z,0.5318907,0.16390978,0.05676856,0.26996806
1993-04-01T00:00:00Z,0.37699318,0.19699249,0.0032751092,0.35623002
1993-05-01T00:00:00Z,0.4191344,0.0,0.0,0.38019168
1993-06-01T00:00:00Z,0.009111618,0.0,0.033842795,0.34984025
1993-07-01T00:00:00Z,0.12414578,0.24210526,0.3242358,0.34265175
1993-08-01T00:00:00Z,0.07403189,0.07969925,0.18995634,0.5415335
1993-09-01T00:00:00Z,0.4851936,0.39849624,0.30895197,0.5151757
1993-10-01T00:00:00Z,0.32915717,0.20451128,0.16703057,0.34904152
1993-11-01T00:00:00Z,0.40888384,0.84360904,0.18231441,0.3107029
1993-12-01T00:00:00Z,0.546697,0.69473684,0.20305677,0.34824282
1994-01-01T00:00:00Z,0.2164009,0.1518797,0.08733624,0.37300318
1994-02-01T00:00:00Z,0.4738041,0.70827067,0.2849345,0.33466452
1994-03-01T00:00:00Z,0.11731207,0.007518797,0.041484717,0.3043131
1994-04-01T00:00:00Z,0.31776765,0.16240601,0.14628822,0.43051118
1994-05-01T00:00:00Z,0.06492028,0.07067669,0.23253275,0.5079872
1994-06-01T00:00:00Z,0.035307515,0.06315789,0.29803494,0.43051118
1994-07-01T00:00:00Z,0.41571754,0.34887218,0.5,0.51677316
1994-08-01T00:00:00Z,0.019362187,0.0060150377,0.30567685,0.42971247
1994-09-01T00:00:00Z,0.045558088,0.013533834,0.06441048,0.44169328
1994-10-01T00:00:00Z,0.21981777,0.23909774,0.37772927,0.456869
1994-11-01T00:00:00Z,0.6640091,0.83157897,0.77729255,0.74121404
1994-12-01T00:00:00Z,0.92938495,0.97593987,0.62554586,0.7348243
1995-01-01T00:00:00Z,0.48974943,0.6887218,0.7805677,0.735623
1995-02-01T00:00:00Z,0.25854215,0.6932331,0.03275109,0.1557508
1995-03-01T00:00:00Z,0.13553531,0.08421053,0.02183406,0.2284345
1995-04-01T00:00:00Z,0.066059224,0.10526316,0.06441048,0.45926517
1995-05-01T00:00:00Z,0.41116172,0.24812031,0.09716157,0.6285942
1995-06-01T00:00:00Z,0.6218679,0.17894737,0.15393013,0.5551118
1995-07-01T00:00:00Z,0.07289294,0.061654136,0.027292576,0.46645367
1995-08-01T00:00:00Z,0.14009112,0.0030075188,0.12117904,0.42492014
1995-09-01T00:00:00Z,0.0261959,0.0015037594,0.029475983,0.4313099
1995-10-01T00:00:00Z,0.006833713,0.0,0.12117904,0.32747602
1995-11-01T00:00:00Z,0.19703873,0.17593984,0.2161572,0.38019168
1995-12-01T00:00:00Z,0.004555809,0.0,0.0021834061,0.38498402
1996-01-01T00:00:00Z,0.045558088,0.0,0.02183406,0.41533548
1996-02-01T00:00:00Z,0.17881548,0.04962406,0.0,0.23722045
1996-03-01T00:00:00Z,0.02164009,0.0,0.029475983,0.29233226
1996-04-01T00:00:00Z,0.15375854,0.05263158,0.0021834061,0.34664536
1996-05-01T00:00:00Z,0.4476082,0.082706764,0.15065502,0.38178915
1996-06-01T00:00:00Z,0.24373576,0.2661654,0.5349345,0.42571884
1996-07-01T00:00:00Z,0.37927106,0.4481203,0.4661572,0.4169329
1996-08-01T00:00:00Z,0.33940774,0.2932331,0.6037118,0.43290734
1996-09-01T00:00:00Z,0.17312072,0.1593985,0.44323143,0.428115
1996-10-01T00:00:00Z,0.24031891,0.22857143,0.47379914,0.48722044
1996-11-01T00:00:00Z,0.4214123,0.44210526,0.45960698,0.66773164
1996-12-01T00:00:00Z,0.56719816,0.6706767,0.17576419,0.571885
1997-01-01T00:00:00Z,0.38952163,0.37293234,0.30676857,0.54472846
1997-02-01T00:00:00Z,0.48291573,0.12330827,0.2849345,0.4640575
1997-03-01T00:00:00Z,0.56719816,0.24360903,0.6299127,0.41453674
1997-04-01T00:00:00Z,0.22095671,0.46917292,0.1812227,0.41054314
1997-05-01T00:00:00Z,0.06492028,0.0,0.0,0.3546326
1997-06-01T00:00:00Z,0.0,0.0030075188,0.051310044,0.37300318
1997-07-01T00:00:00Z,0.037585422,0.040601503,0.17248908,0.39297125
1997-08-01T00:00:00Z,0.007972665,0.0,0.0021834061,0.3043131
1997-09-01T00:00:00Z,0.0,0.0,0.0,0.20846646
1997-10-01T00:00:00Z,0.0,0.0,0.052401748,0.1086262
1997-11-01T00:00:00Z,0.0,0.0,0.0,0.0
1997-12-01T00:00:00Z,0.0022779044,0.0,0.0,0.0
1998-01-01T00:00:00Z,0.0,0.0,0.0,0.048722044
1998-02-01T00:00:00Z,0.0,0.0,0.0,0.059904154
1998-03-01T00:00:00Z,0.0,0.0,0.0,0.18370607
1998-04-01T00:00:00Z,0.0,0.039097745,0.07641921,0.38019168
1998-05-01T00:00:00Z,0.08428246,0.0,0.0043668123,0.4464856
1998-06-01T00:00:00Z,0.22209567,0.23007518,0.0065502184,0.41214058
1998-07-01T00:00:00Z,0.17539863,0.26466164,0.19868995,0.4456869
1998-08-01T00:00:00Z,0.08769932,0.24812031,0.23689957,0.38738018
1998-09-01T00:00:00Z,0.1856492,0.43909773,0.24126637,0.37859425
1998-10-01T00:00:00Z,0.06492028,0.19097744,0.3930131,0.44009584
1998-11-01T00:00:00Z,0.0022779044,0.41353384,0.37008733,0.6285942
1998-12-01T00:00:00Z,0.25284737,0.8947368,0.5862445,0.8618211
1999-01-01T00:00:00Z,0.57972664,0.9804511,0.97925764,0.7995208
1999-02-01T00:00:00Z,0.9988611,1.0,0.98689955,0.71805114
1999-03-01T00:00:00Z,1.0,0.97894734,0.9967249,0.8410543
1999-04-01T00:00:00Z,1.0,1.0,0.8668122,0.7907348
1999-05-01T00:00:00Z,1.0,1.0,0.9847162,0.88897765
1999-06-01T00:00:00Z,0.8826879,0.6,0.71834064,0.8011182
1999-07-01T00:00:00Z,0.44191343,0.30075186,0.529476,0.51597446
1999-08-01T00:00:00Z,0.091116175,0.02255639,0.22270742,0.75239617
1999-09-01T00:00:00Z,0.41571754,0.39398497,0.31004366,0.69009584
1999-10-01T00:00:00Z,0.4908884,0.69022554,0.51746726,0.49520767
1999-11-01T00:00:00Z,0.3712984,0.7518797,0.38209608,0.5623003
1999-12-01T00:00:00Z,0.07972665,0.8481203,0.5218341,0.71964854
2000-01-01T00:00:00Z,0.4259681,0.7819549,0.9847162,0.7100639
2000-02-01T00:00:00Z,0.5626424,0.56390977,0.29912663,0.50399363
2000-03-01T00:00:00Z,0.6173121,0.5172932,0.72707427,0.5726837
2000-04-01T00:00:00Z,0.16970387,0.2887218,0.12882096,0.44408944
2000-05-01T00:00:00Z,0.6059226,0.015037594,0.15283842,0.46565494
2000-06-01T00:00:00Z,0.6788155,0.24210526,0.19432314,0.38019168
2000-07-01T00:00:00Z,0.4328018,0.37142858,0.3187773,0.4201278
2000-08-01T00:00:00Z,0.22209567,0.29172933,0.5065502,0.45527157
2000-09-01T00:00:00Z,0.25398633,0.2932331,0.18231441,0.4345048
2000-10-01T00:00:00Z,0.3667426,0.4451128,0.39847162,0.442492
2000-11-01T00:00:00Z,0.7471526,0.8451128,0.73253274,0.7899361
2000-12-01T00:00:00Z,0.6822323,0.48721805,0.33733624,0.6525559
2001-01-01T00:00:00Z,0.6788155,0.56842107,0.90938866,0.6789137
2001-02-01T00:00:00Z,0.7255125,1.0,0.97598255,0.78833866
2001-03-01T00:00:00Z,0.667426,0.9609023,0.67030567,0.5686901
2001-04-01T00:00:00Z,0.9362187,1.0,0.7194323,0.6629393
2001-05-01T00:00:00Z,1.0,0.76390976,0.5818777,0.41533548
2001-06-01T00:00:00Z,0.5637813,0.48421052,0.3657205,0.37779552
2001-07-01T00:00:00Z,0.56833714,0.5368421,0.3209607,0.44408944
2001-08-01T00:00:00Z,0.27220955,0.41654137,0.41812226,0.5758786
2001-09-01T00:00:00Z,0.41116172,0.50075185,0.3242358,0.62460065
2001-10-01T00:00:00Z,0.5580866,0.55488724,0.55786026,0.51038337
2001-11-01T00:00:00Z,0.7448747,0.5819549,0.4279476,0.51677316
2001-12-01T00:00:00Z,0.65945333,0.9443609,0.78930134,0.7436102
2002-01-01T00:00:00Z,0.5136674,0.83157897,0.9956332,0.6773163
2002-02-01T00:00:00Z,0.8735763,1.0,0.9213974,0.6645367
2002-03-01T00:00:00Z,1.0,0.9548872,0.7139738,0.6661342
2002-04-01T00:00:00Z,0.95102507,0.97894734,0.5021834,0.5910543
2002-05-01T00:00:00Z,1.0,1.0,0.8569869,0.6996805
2002-06-01T00:00:00Z,0.5740319,0.46466166,0.5676856,0.5439297
2002-07-01T00:00:00Z,0.27448747,0.24511278,0.30021834,0.6421725
2002-08-01T00:00:00Z,0.50683373,0.6887218,0.58078605,0.686901
2002-09-01T00:00:00Z,0.41230068,0.437594,0.53165936,0.5503195
2002-10-01T00:00:00Z,0.64464694,0.8842105,0.680131,0.6086262
2002-11-01T00:00:00Z,0.37927106,0.46766916,0.62445414,0.5766773
2002-12-01T00:00:00Z,0.0,0.0,0.044759825,0.44169328
2003-01-01T00:00:00Z,0.0034168565,0.0030075188,0.01419214,0.33067092
2003-02-01T00:00:00Z,0.048974942,0.040601503,0.01091703,0.35623002
2003-03-01T00:00:00Z,0.082004555,0.036090225,0.29257643,0.48402557
2003-04-01T00:00:00Z,0.21867882,0.24812031,0.07314411,0.5694888
2003-05-01T00:00:00Z,0.40546697,0.14135338,0.33187774,0.6365815
2003-06-01T00:00:00Z,0.30068338,0.43157893,0.30131003,0.6733227
2003-07-01T00:00:00Z,0.32004556,0.2511278,0.30021834,0.428115
2003-08-01T00:00:00Z,0.20273349,0.07819549,0.08951965,0.44329074
2003-09-01T00:00:00Z,0.3553531,0.26766917,0.115720525,0.4960064
2003-10-01T00:00:00Z,0.14464693,0.13834587,0.58515286,0.46485624
2003-11-01T00:00:00Z,0.19817768,0.46466166,0.48908296,0.5351438
2003-12-01T00:00:00Z,0.09339408,0.55789477,0.26528385,0.5503195
2004-01-01T00:00:00Z,0.48405465,0.6150376,0.7117904,0.6453674
2004-02-01T00:00:00Z,0.3405467,0.6511278,0.4683406,0.6445687
2004-03-01T00:00:00Z,0.37471527,0.06466165,0.39847162,0.4752396
2004-04-01T00:00:00Z,0.0011389522,0.09022556,0.14519651,0.4241214
2004-05-01T00:00:00Z,0.023917995,0.028571429,0.13864629,0.44089457
2004-06-01T00:00:00Z,0.075170845,0.16390978,0.26637554,0.48402557
2004-07-01T00:00:00Z,0.16400911,0.15639098,0.2172489,0.442492
2004-08-01T00:00:00Z,0.08883827,0.11729323,0.25436682,0.47923324
2004-09-01T00:00:00Z,0.050113894,0.20300752,0.24563318,0.39456868
2004-10-01T00:00:00Z,0.08883827,0.16992481,0.33842796,0.44808307
2004-11-01T00:00:00Z,0.41343963,0.756391,0.4312227,0.48801917
2004-12-01T00:00:00Z,0.27107063,0.8917293,0.4945415,0.49361023
2005-01-01T00:00:00Z,0.46127564,0.81954885,0.50982535,0.4672524
2005-02-01T00:00:00Z,0.39749432,0.30977443,0.14410481,0.3618211
2005-03-01T00:00:00Z,0.041002277,0.0,0.063318774,0.30990416
2005-04-01T00:00:00Z,0.16514806,0.075187966,0.09606987,0.4784345
2005-05-01T00:00:00Z,0.07630979,0.0,0.0,0.38099042
2005-06-01T00:00:00Z,0.033029612,0.15338346,0.24017467,0.5135783
2005-07-01T00:00:00Z,0.17312072,0.20451128,0.3548035,0.58146966
2005-08-01T00:00:00Z,0.52277905,0.75338346,0.62445414,0.48482427
2005-09-01T00:00:00Z,0.39749432,0.6917293,0.55021834,0.54552716
2005-10-01T00:00:00Z,0.2642369,0.6421053,0.66593885,0.5623003
2005-11-01T00:00:00Z,0.14920273,0.8210526,0.33624455,0.5726837
2005-12-01T00:00:00Z,0.261959,0.637594,0.18340611,0.663738
2006-01-01T00:00:00Z,0.04669704,0.15789473,0.14847161,0.72603834
2006-02-01T00:00:00Z,0.44419134,0.37293234,0.15829694,0.53913736
2006-03-01T00:00:00Z,0.6025057,0.4406015,0.69868994,0.8059105
2006-04-01T00:00:00Z,0.2665148,0.5954887,0.11353712,0.49041533
2006-05-01T00:00:00Z,0.56833714,0.46917292,0.31441048,0.45926517
2006-06-01T00:00:00Z,0.20615034,0.17142858,0.13864629,0.4241214
2006-07-01T00:00:00Z,0.4191344,0.2857143,0.20196506,0.40894568
2006-08-01T00:00:00Z,0.5751708,0.7067669,0.41812226,0.38897765
2006-09-01T00:00:00Z,0.6002278,0.6180451,0.68886465,0.49840257
2006-10-01T00:00:00Z,0.53416854,0.6526316,0.44323143,0.5071885
2006-11-01T00:00:00Z,0.7357631,0.7007519,0.24672489,0.4201278
2006-12-01T00:00:00Z,0.6378132,0.7112782,0.389738,0.46325877
2007-01-01T00:00:00Z,0.61389524,0.97744364,0.9956332,0.6285942
2007-02-01T00:00:00Z,0.85876995,0.93834585,0.7838428,0.47204474
2007-03-01T00:00:00Z,0.7596811,0.88721806,0.81113535,0.55191696
2007-04-01T00:00:00Z,0.79612756,0.96240604,0.58842796,0.53115016
2007-05-01T00:00:00Z,1.0,0.58947366,0.63973796,0.5686901
2007-06-01T00:00:00Z,0.46355352,0.50075185,0.51637554,0.55271566
2007-07-01T00:00:00Z,0.050113894,0.07969925,0.2106987,0.46166134
2007-08-01T00:00:00Z,0.07289294,0.0962406,0.2183406,0.45127794
2007-09-01T00:00:00Z,0.38952163,0.27518797,0.22379912,0.55271566
2007-10-01T00:00:00Z,0.667426,0.34736842,0.5786026,0.60303515
2007-11-01T00:00:00Z,0.8599089,0.9503759,0.6058952,0.6118211
2007-12-01T00:00:00Z,0.9988611,1.0,0.99454147,0.76916933
2008-01-01T00:00:00Z,1.0,1.0,1.0,0.9744409
2008-02-01T00:00:00Z,1.0,1.0,1.0,0.96805114
2008-03-01T00:00:00Z,1.0,1.0,1.0,0.68290734
2008-04-01T00:00:00Z,1.0,1.0,0.9257642,0.63897765
2008-05-01T00:00:00Z,1.0,1.0,0.93886465,0.6054313
2008-06-01T00:00:00Z,1.0,0.7714286,0.7139738,0.46166134
2008-07-01T00:00:00Z,0.8052392,0.6766917,0.4290393,0.40814698
2008-08-01T00:00:00Z,0.41230068,0.28421053,0.5262009,0.42891374
2008-09-01T00:00:00Z,0.5136674,0.57894737,0.518559,0.43610224
2008-10-01T00:00:00Z,0.546697,0.47218046,0.69650656,0.46565494
2008-11-01T00:00:00Z,0.44419134,0.6481203,0.34716156,0.50159746
2008-12-01T00:00:00Z,0.51025057,0.8511278,0.34388646,0.5766773
2009-01-01T00:00:00Z,0.99088836,0.98646617,0.9661572,0.72523963
2009-02-01T00:00:00Z,1.0,1.0,0.77292573,0.69728434
2009-03-01T00:00:00Z,1.0,1.0,0.9355895,0.66932905
2009-04-01T00:00:00Z,1.0,1.0,0.8329694,0.5694888
2009-05-01T00:00:00Z,1.0,0.9954887,0.7958515,0.54632586
2009-06-01T00:00:00Z,0.32346243,0.26766917,0.13646288,0.471246
2009-07-01T00:00:00Z,0.58314353,0.35037595,0.31004366,0.413738
2009-08-01T00:00:00Z,0.26765376,0.31428573,0.2510917,0.5479233
2009-09-01T00:00:00Z,0.14692482,0.14285715,0.14519651,0.4392971
2009-10-01T00:00:00Z,0.37927106,0.46165413,0.6877729,0.4600639
2009-11-01T00:00:00Z,0.5148064,0.24511278,0.6189956,0.48322684
2009-12-01T00:00:00Z,0.7425968,0.8917293,0.88973796,0.59504795
2010-01-01T00:00:00Z,0.53644645,0.67518795,0.6048035,0.47683707
2010-02-01T00:00:00Z,0.15034169,0.7112782,0.37117904,0.39696485
2010-03-01T00:00:00Z,0.19134396,0.018045112,0.38646287,0.50239617
2010-04-01T00:00:00Z,0.41116172,0.73834586,0.30458516,0.5543131
2010-05-01T00:00:00Z,1.0,0.2556391,0.7543668,0.73242813
2010-06-01T00:00:00Z,0.9555809,0.46616542,0.5556769,0.81709266
2010-07-01T00:00:00Z,0.76309794,0.71879697,0.62117904,0.9273163
2010-08-01T00:00:00Z,0.8462415,0.72330827,0.84497815,0.9520767
2010-09-01T00:00:00Z,0.55580866,0.4526316,0.52401745,0.9440895
2010-10-01T00:00:00Z,0.08997722,0.41654137,0.6484716,0.6453674
2010-11-01T00:00:00Z,0.2574032,0.7037594,0.569869,0.7723642
2010-12-01T00:00:00Z,0.30637813,0.7548872,0.70633185,0.84504795
2011-01-01T00:00:00Z,0.5888383,0.8270677,0.9246725,0.9129393
2011-02-01T00:00:00Z,0.7881549,0.97744364,0.7882096,0.8490415
2011-03-01T00:00:00Z,0.88496584,0.8917293,0.72707427,0.76996803
2011-04-01T00:00:00Z,1.0,0.9413534,0.56877726,0.51597446
2011-05-01T00:00:00Z,1.0,0.59097743,0.5775109,0.563099
2011-06-01T00:00:00Z,0.36104783,0.4526316,0.5010917,0.6845048
2011-07-01T00:00:00Z,0.2813212,0.49774435,0.56550217,0.5263578
2011-08-01T00:00:00Z,0.27676538,0.39097744,0.58842796,0.7683706
2011-09-01T00:00:00Z,0.35421413,0.4,0.44978166,0.8945687
2011-10-01T00:00:00Z,0.007972665,0.16390978,0.2893013,0.72603834
2011-11-01T00:00:00Z,0.38268793,0.6706767,0.6834061,0.7164537
2011-12-01T00:00:00Z,0.87015945,1.0,0.75545853,0.7707668
2012-01-01T00:00:00Z,0.96013665,1.0,0.9519651,0.69808304
2012-02-01T00:00:00Z,1.0,1.0,0.94541484,0.58945686
2012-03-01T00:00:00Z,1.0,1.0,0.9879913,0.8067093
2012-04-01T00:00:00Z,0.91571754,0.9112782,0.4945415,0.65495205
2012-05-01T00:00:00Z,1.0,0.9037594,0.6768559,0.514377
2012-06-01T00:00:00Z,0.476082,0.49473685,0.58733624,0.63178915
2012-07-01T00:00:00Z,0.3029613,0.3804511,0.49126637,0.67571884
2012-08-01T00:00:00Z,0.27220955,0.5067669,0.55349344,0.4816294
2012-09-01T00:00:00Z,0.43052393,0.556391,0.54257643,0.4065495
2012-10-01T00:00:00Z,0.5410023,0.6406015,0.4323144,0.34105432
2012-11-01T00:00:00Z,0.19589977,0.1443609,0.063318774,0.42651758
2012-12-01T00:00:00Z,0.14350797,0.25714287,0.008733625,0.34904152
2013-01-01T00:00:00Z,0.5876993,0.8300752,0.8613537,0.7683706
2013-02-01T00:00:00Z,0.8826879,1.0,0.94650656,0.75878596
2013-03-01T00:00:00Z,0.97835994,0.9849624,1.0,0.61102235
2013-04-01T00:00:00Z,0.4931663,0.96390975,0.6757642,0.485623
2013-05-01T00:00:00Z,0.6856492,0.4150376,0.41375545,0.43370607
2013-06-01T00:00:00Z,0.12528473,0.29473683,0.35152838,0.42651758
2013-07-01T00:00:00Z,0.32004556,0.44360903,0.33406115,0.44888178
2013-08-01T00:00:00Z,0.31093395,0.3037594,0.3548035,0.6126198
2013-09-01T00:00:00Z,0.078587696,0.07669173,0.20960699,0.485623
2013-10-01T00:00:00Z,0.035307515,0.28721803,0.55349344,0.44169328
2013-11-01T00:00:00Z,0.4715262,0.57593983,0.4290393,0.44169328
2013-12-01T00:00:00Z,0.7425968,0.86766917,0.4639738,0.4824281
2014-01-01T00:00:00Z,0.7927107,0.7112782,0.57969433,0.38977635
2014-02-01T00:00:00Z,0.8485194,0.7894737,0.35371178,0.399361
2014-03-01T00:00:00Z,0.43052393,0.08421053,0.16266376,0.32827476
2014-04-01T00:00:00Z,0.091116175,0.26917294,0.14410481,0.34904152
2014-05-01T00:00:00Z,0.0034168565,0.114285715,0.24344978,0.35303515
2014-06-01T00:00:00Z,0.27220955,0.4706767,0.32969433,0.36741215
2014-07-01T00:00:00Z,0.18906605,0.2736842,0.18449782,0.28514376
2014-08-01T00:00:00Z,0.24373576,0.2932331,0.19978166,0.321885
2014-09-01T00:00:00Z,0.15375854,0.19699249,0.036026202,0.26357827
2014-10-01T00:00:00Z,0.0,0.0015037594,0.005458515,0.0686901
2014-11-01T00:00:00Z,0.0,0.0,0.0,0.1301917
2014-12-01T00:00:00Z,0.0,0.0,0.0,0.0
2015-01-01T00:00:00Z,0.0034168565,0.0,0.0010917031,0.007987221
2015-02-01T00:00:00Z,0.0,0.0,0.0,0.0
2015-03-01T00:00:00Z,0.0,0.0,0.015283843,0.025559105
2015-04-01T00:00:00Z,0.0,0.114285715,0.19213974,0.16853034
2015-05-01T00:00:00Z,0.1810934,0.38345864,0.27729258,0.39376998
2015-06-01T00:00:00Z,0.39066058,0.3849624,0.2117904,0.39696485
2015-07-01T00:00:00Z,0.19020501,0.12180451,0.11681223,0.1956869
2015-08-01T00:00:00Z,0.20615034,0.14586467,0.09825327,0.21086262
2015-09-01T00:00:00Z,0.11958998,0.1293233,0.11026201,0.06709265
2015-10-01T00:00:00Z,0.013667426,0.0481203,0.040393014,0.010383386
2015-11-01T00:00:00Z,0.0,0.010526316,0.10043668,0.22763579
2015-12-01T00:00:00Z,0.005694761,0.0,0.015283843,0.20047924
2016-01-01T00:00:00Z,0.037585422,0.010526316,0.027292576,0.36501598
2016-02-01T00:00:00Z,0.0022779044,0.004511278,0.0,0.20607029
2016-03-01T00:00:00Z,0.0,0.0,0.0,0.24121405
2016-04-01T00:00:00Z,0.0,0.009022556,0.09606987,0.2603834
2016-05-01T00:00:00Z,0.09225512,0.20902255,0.19104804,0.41613418
2016-06-01T00:00:00Z,0.1548975,0.24661654,0.20305677,0.4528754
2016-07-01T00:00:00Z,0.16059226,0.36842105,0.389738,0.3985623
2016-08-01T00:00:00Z,0.34168565,0.6150376,0.39847162,0.39456868
2016-09-01T00:00:00Z,0.23917995,0.3954887,0.33187774,0.42492014
2016-10-01T00:00:00Z,0.08656036,0.1037594,0.25982532,0.39297125
2016-11-01T00:00:00Z,0.0,0.0,0.0,0.34984025
2016-12-01T00:00:00Z,0.02164009,0.0,0.17685589,0.4640575
2017-01-01T00:00:00Z,0.27448747,0.42706767,0.61790395,0.5215655
2017-02-01T00:00:00Z,0.3473804,0.512782,0.24126637,0.41613418
2017-03-01T00:00:00Z,0.36332574,0.19097744,0.16921398,0.4384984
2017-04-01T00:00:00Z,0.09225512,0.21353383,0.09279476,0.4496805
2017-05-01T00:00:00Z,0.3621868,0.27969924,0.389738,0.47763577
2017-06-01T00:00:00Z,0.15831435,0.26917294,0.2860262,0.46884984
2017-07-01T00:00:00Z,0.32915717,0.37593985,0.42030567,0.4384984
2017-08-01T00:00:00Z,0.32004556,0.34736842,0.25436682,0.4241214
2017-09-01T00:00:00Z,0.3473804,0.30225563,0.16703057,0.42492014
2017-10-01T00:00:00Z,0.17881548,0.34285715,0.5305677,0.37140575
2017-11-01T00:00:00Z,0.22323462,0.26165414,0.08733624,0.33466452
2017-12-01T00:00:00Z,0.061503418,0.06616541,0.05021834,0.3226837
2018-01-01T00:00:00Z,0.045558088,0.0015037594,0.063318774,0.34824282
2018-02-01T00:00:00Z,0.31321186,0.5443609,0.2106987,0.29153356
2018-03-01T00:00:00Z,0.5011389,0.6,0.5371179,0.4273163
2018-04-01T00:00:00Z,0.238041,0.49323308,0.16048035,0.48722044
2018-05-01T00:00:00Z,0.12186788,0.28721803,0.2914847,0.5111821
2018-06-01T00:00:00Z,0.12984055,0.37142858,0.3569869,0.45527157
2018-07-01T00:00:00Z,0.32687926,0.43458647,0.24672489,0.38258785
2018-08-01T00:00:00Z,0.23348519,0.40601504,0.3941048,0.34904152
2018-09-01T00:00:00Z,0.26537585,0.37894738,0.3951965,0.41214058
2018-10-01T00:00:00Z,0.13667426,0.29022557,0.2106987,0.321885
2018-11-01T00:00:00Z,0.0523918,0.26466164,0.20196506,0.2140575
2018-12-01T00:00:00Z,0.035307515,0.007518797,0.0,0.15894568
2019-01-01T00:00:00Z,0.027334852,0.0,0.2183406,0.39616615
2019-02-01T00:00:00Z,0.2927107,0.1669173,0.11353712,0.41853034
2019-03-01T00:00:00Z,0.38496584,0.07218045,0.3176856,0.47923324
2019-04-01T00:00:00Z,0.07289294,0.07218045,0.12008733,0.35303515
2019-05-01T00:00:00Z,0.33485195,0.5368421,0.23253275,0.46645367
2019-06-01T00:00:00Z,0.50569475,0.63909775,0.39628822,0.41853034
2019-07-01T00:00:00Z,0.094533026,0.2661654,0.40393013,0.51677316
2019-08-01T00:00:00Z,0.11503417,0.2225564,0.31222707,0.5135783
2019-09-01T00:00:00Z,0.025056947,0.08571429,0.18449782,0.4345048
2019-10-01T00:00:00Z,0.1047836,0.4631579,0.48362446,0.43290734
2019-11-01T00:00:00Z,0.4407745,0.7909774,0.37663755,0.40175718
2019-12-01T00:00:00Z,0.28473803,0.5969925,0.12772925,0.413738
2020-01-01T00:00:00Z,0.28473803,0.42406014,0.5010917,0.42891374
2020-02-01T00:00:00Z,0.59908885,0.85714287,0.5742358,0.37060702
2020-03-01T00:00:00Z,0.74829155,0.8661654,0.5218341,0.3514377
2020-04-01T00:00:00Z,0.38268793,0.6706767,0.24235807,0.37539935
2020-05-01T00:00:00Z,0.16287015,0.06616541,0.1812227,0.42651758
2020-06-01T00:00:00Z,0.1810934,0.33984962,0.27620086,0.41932908
2020-07-01T00:00:00Z,0.3621868,0.45714286,0.50982535,0.43290734
2020-08-01T00:00:00Z,0.30637813,0.45112783,0.3842795,0.49440894
2020-09-01T00:00:00Z,0.37471527,0.281203,0.23471616,0.3881789
2020-10-01T00:00:00Z,0.027334852,0.21203007,0.2849345,0.18929712
2020-11-01T00:00:00Z,0.38382688,0.70225567,0.58842796,0.51038337
2020-12-01T00:00:00Z,0.32118452,0.81353384,0.78930134,0.5079872
2021-01-01T00:00:00Z,0.2813212,0.58947366,0.7980349,0.64616615
2021-02-01T00:00:00Z,0.69134396,0.83458644,0.73253274,0.620607
2021-03-01T00:00:00Z,0.8462415,0.6481203,0.9748908,0.6645367
2021-04-01T00:00:00Z,0.6309795,0.9954887,0.8133188,0.51198083
